BLOQUE;MICROCUENCA;PROVINCIA;DISTRITO;AREA_HA;ARCHIVO_EXCEL;ID_CARPETA_DRIVE;NOMBRE_CARPETA_DRIVE;ENLACE_CARPETA
2;C1096-Q9558;Morropon;Chulucanas;330.6;Plantilla_Excel_Bloque_2_IN_Piura.xlsx;14m7pq9_TP1_Ui9NDiF4aKJqjFVWVUp5z;DIAGNOSTICO BLOQUE 2;https://drive.google.com/drive/folders/14m7pq9_TP1_Ui9NDiF4aKJqjFVWVUp5z
3;C1096-Q9545;Ayabaca;Frias;459.29;Plantilla_Excel_Bloque_3_IN_Piura.xlsx;1XwIYna9HyuY27letXu6JxOp2S6yjpdrV;DIAGNOSTICO BLOQUE 3;https://drive.google.com/drive/folders/1XwIYna9HyuY27letXu6JxOp2S6yjpdrV
M19B7;C1086-Q9570;Morropon;Santo Domingo;34.17;Plantilla_Excel_Bloque_M19B7_IN_Piura.xlsx;1svW60f-SbOb7NaD20JVoNfT0Ng_ym5GF;DIAGNOSTICO BLOQUE M19B7;https://drive.google.com/drive/folders/1svW60f-SbOb7NaD20JVoNfT0Ng_ym5GF
M17B5;C1096-Q9556;Ayabaca;Frias;74.03;Plantilla_Excel_Bloque_M17B5_IN_Piura.xlsx;1tOrxQ-WFAWm4Cgjd4Uvw-lNatyc7YDF5;DIAGNOSTICO BLOQUE M17B5;https://drive.google.com/drive/folders/1tOrxQ-WFAWm4Cgjd4Uvw-lNatyc7YDF5
M17B1;C1096-Q9556;Morropon;Chulucanas;42.45;Plantilla_Excel_Bloque_M17B1_IN_Piura.xlsx;1RvPmDFXvYkk_PS6s2jIrCt5pAUkkoXkP;DIAGNOSTICO BLOQUE M17B1;https://drive.google.com/drive/folders/1RvPmDFXvYkk_PS6s2jIrCt5pAUkkoXkP
M8B2;C1096-Q9558;Morropon;Santo Domingo;35.35;Plantilla_Excel_Bloque_M8B2_IN_Piura.xlsx;13J4tcff_cYAOL0Annx8mR_UxRk4R2Nh_;DIAGNOSTICO BLOQUE M8B2;https://drive.google.com/drive/folders/13J4tcff_cYAOL0Annx8mR_UxRk4R2Nh_
M7B3;C1076-Q9581;Morropon;Salitral;65.74;Plantilla_Excel_Bloque_M7B3_IN_Piura.xlsx;1xJ_Nxzzbta7MvQJiuvSg0VbKONnX5SuN;DIAGNOSTICO BLOQUE M7B3;https://drive.google.com/drive/folders/1xJ_Nxzzbta7MvQJiuvSg0VbKONnX5SuN
M6B2-3;C1077-Q9566;Morropon;Buenos Aires;160.98;Plantilla_Excel_Bloque_M6B2-3_IN_Piura.xlsx;12whTxcIOAEoXo4-gRfG0ExMNgUhaMcMH;DIAGNOSTICO BLOQUE M6B2-3;https://drive.google.com/drive/folders/12whTxcIOAEoXo4-gRfG0ExMNgUhaMcMH
M6B2-2;C1077-Q9566;Morropon;Buenos Aires;333.01;Plantilla_Excel_Bloque_M6B2-2_IN_Piura.xlsx;1fey5NnbSqSMwXPJJREtJFHhttiRZA25m;DIAGNOSTICO BLOQUE M6B2-2;https://drive.google.com/drive/folders/1fey5NnbSqSMwXPJJREtJFHhttiRZA25m
M6B2-1;C1077-Q9566;Morropon;Buenos Aires;514.36;Plantilla_Excel_Bloque_M6B2-1_IN_Piura.xlsx;1xHML6Gok5DCvH73a_rW3gwD_4My1Y46F;DIAGNOSTICO BLOQUE M6B2-1;https://drive.google.com/drive/folders/1xHML6Gok5DCvH73a_rW3gwD_4My1Y46F
M2B8;C1076-Q9584;Huancabamba;San Miguel de El Faique;116.1;Plantilla_Excel_Bloque_M2B8_IN_Piura.xlsx;1_G_OjnrE_IEvw99D9sYYWXPD1JykImNb;DIAGNOSTICO BLOQUE M2B8;https://drive.google.com/drive/folders/1_G_OjnrE_IEvw99D9sYYWXPD1JykImNb
81;C1076-Q9585;Huancabamba;Canchaque;8.93;Plantilla_Excel_Bloque_81_IN_Piura.xlsx;1-ty6pGpOBZSIZEOdIBw9027f_Ay0Gk_0;DIAGNOSTICO BLOQUE 81;https://drive.google.com/drive/folders/1-ty6pGpOBZSIZEOdIBw9027f_Ay0Gk_0
79;C1076-Q9587;Huancabamba;Canchaque;94.81;Plantilla_Excel_Bloque_79_IN_Piura.xlsx;11l-YffSaPgYcFurZzllQUdnK_z4AYKHr;DIAGNOSTICO BLOQUE 79;https://drive.google.com/drive/folders/11l-YffSaPgYcFurZzllQUdnK_z4AYKHr
M3B1;C1081-Q9582;Morropon;Salitral;80.98;Plantilla_Excel_Bloque_M3B1_IN_Piura.xlsx;1HFvHulGOSPG3b27ghFD4FVw80d52hye3;DIAGNOSTICO BLOQUE M3B1;https://drive.google.com/drive/folders/1HFvHulGOSPG3b27ghFD4FVw80d52hye3
77;C1081-Q9583;Morropon;San Juan de Bigote;17.82;Plantilla_Excel_Bloque_77_IN_Piura.xlsx;11qu0WhfrFa2O9v_PgAWl8A7XzhzfWTEz;DIAGNOSTICO BLOQUE 77;https://drive.google.com/drive/folders/11qu0WhfrFa2O9v_PgAWl8A7XzhzfWTEz
63;C1081-Q9583;Huancabamba;Canchaque;50.46;Plantilla_Excel_Bloque_63_IN_Piura.xlsx;1deRIqd5cJL7TkdwAeMMkVGcto0E0JF9p;DIAGNOSTICO BLOQUE 63;https://drive.google.com/drive/folders/1deRIqd5cJL7TkdwAeMMkVGcto0E0JF9p
64;C1081-Q9591;Huancabamba;Huancabamba;35.77;Plantilla_Excel_Bloque_64_IN_Piura.xlsx;17BKeddekMrOQVf7JTGERPcwhokZajSXH;DIAGNOSTICO BLOQUE 64;https://drive.google.com/drive/folders/17BKeddekMrOQVf7JTGERPcwhokZajSXH
60;C1081-Q9591;Huancabamba;Canchaque;40.13;Plantilla_Excel_Bloque_60_IN_Piura.xlsx;1jFRYMpbSbgxQI6VzGcqIycYnX2EdPNlz;DIAGNOSTICO BLOQUE 60;https://drive.google.com/drive/folders/1jFRYMpbSbgxQI6VzGcqIycYnX2EdPNlz
55;C1086-Q9575;Morropon;Yamango;0.86;Plantilla_Excel_Bloque_55_IN_Piura.xlsx;1fAdYS3zpP8w-dkC_BAoeLDamUlw7Z2cb;DIAGNOSTICO BLOQUE 55;https://drive.google.com/drive/folders/1fAdYS3zpP8w-dkC_BAoeLDamUlw7Z2cb
51;C1076-Q9593;Huancabamba;Huarmaca;22.93;Plantilla_Excel_Bloque_51_IN_Piura.xlsx;118YxaTa-CuWy6GoNWY7h78CTdrUTJpUC;DIAGNOSTICO BLOQUE 51;https://drive.google.com/drive/folders/118YxaTa-CuWy6GoNWY7h78CTdrUTJpUC
36;C1096-Q9547;Ayabaca;Frias;24.84;Plantilla_Excel_Bloque_36_IN_Piura.xlsx;1GgbWL1KKNbkQTwei1_l9udHLzr6zcI8r;DIAGNOSTICO BLOQUE 36;https://drive.google.com/drive/folders/1GgbWL1KKNbkQTwei1_l9udHLzr6zcI8r
58;C1086-Q9569;Morropon;Santa Catalina de Mossa;11.47;Plantilla_Excel_Bloque_58_IN_Piura.xlsx;1rvObOCAwKG3j6j4p3WJ-tX0VaBIJ1g5i;DIAGNOSTICO BLOQUE 58;https://drive.google.com/drive/folders/1rvObOCAwKG3j6j4p3WJ-tX0VaBIJ1g5i
40;C1081-Q9591;Huancabamba;Canchaque;28.52;Plantilla_Excel_Bloque_40_IN_Piura.xlsx;17wZNQScPGhIaXtJB1jeZl_3HIo-Tyh1d;DIAGNOSTICO BLOQUE 40;https://drive.google.com/drive/folders/17wZNQScPGhIaXtJB1jeZl_3HIo-Tyh1d
38;C1081-Q9590;Huancabamba;Lalaquiz;44.2;Plantilla_Excel_Bloque_38_IN_Piura.xlsx;1yuUQzI9jI-NAR_Tp__ZhacMnLhwkno7-;DIAGNOSTICO BLOQUE 38;https://drive.google.com/drive/folders/1yuUQzI9jI-NAR_Tp__ZhacMnLhwkno7-
30;C1081-Q9591;Huancabamba;Canchaque;34.87;Plantilla_Excel_Bloque_30_IN_Piura.xlsx;1tbGK5-zZJrPxCoDaObNg9n8Bb9WKZaQt;DIAGNOSTICO BLOQUE 30;https://drive.google.com/drive/folders/1tbGK5-zZJrPxCoDaObNg9n8Bb9WKZaQt
37;C1081-Q9591;Huancabamba;Lalaquiz;35.49;Plantilla_Excel_Bloque_37_IN_Piura.xlsx;1kZcdHqDfGdsS3tQpoqb4F1CslvQSD2G3;DIAGNOSTICO BLOQUE 37;https://drive.google.com/drive/folders/1kZcdHqDfGdsS3tQpoqb4F1CslvQSD2G3
34;C1081-Q9590;Huancabamba;Lalaquiz;28.45;Plantilla_Excel_Bloque_34_IN_Piura.xlsx;1xbJoctRyG2VSkVz-rqRQSpewaOWQu2ah;DIAGNOSTICO BLOQUE 34;https://drive.google.com/drive/folders/1xbJoctRyG2VSkVz-rqRQSpewaOWQu2ah
28;C1081-Q9591;Huancabamba;Canchaque;52.97;Plantilla_Excel_Bloque_28_IN_Piura.xlsx;13ZfYSrZ-gpN1SXIMKb51QTpvKbTU4c0C;DIAGNOSTICO BLOQUE 28;https://drive.google.com/drive/folders/13ZfYSrZ-gpN1SXIMKb51QTpvKbTU4c0C
23;C1086-Q9570;Morropon;Santo Domingo;81.78;Plantilla_Excel_Bloque_23_IN_Piura.xlsx;19pEvrXfVb_VfkaeqXz4K7wkB2l_e5mN9;DIAGNOSTICO BLOQUE 23;https://drive.google.com/drive/folders/19pEvrXfVb_VfkaeqXz4K7wkB2l_e5mN9
20;C1076-Q9593;Huancabamba;Huarmaca;81.33;Plantilla_Excel_Bloque_20_IN_Piura.xlsx;1cekf85Mct43h3h45D9QOHu_V-RQCqeoF;DIAGNOSTICO BLOQUE 20;https://drive.google.com/drive/folders/1cekf85Mct43h3h45D9QOHu_V-RQCqeoF
21;C1081-Q9591;Huancabamba;Canchaque;84.23;Plantilla_Excel_Bloque_21_IN_Piura.xlsx;1crn4mSKdbFqjA5zHkXMMm7vzCV_RMW-o;DIAGNOSTICO BLOQUE 21;https://drive.google.com/drive/folders/1crn4mSKdbFqjA5zHkXMMm7vzCV_RMW-o
8;C1076-Q9593;Huancabamba;Huarmaca;126.95;Plantilla_Excel_Bloque_8_IN_Piura.xlsx;1CXjBMWbcBXI3dWyUaoler79PaBtutF-4;DIAGNOSTICO BLOQUE 8;https://drive.google.com/drive/folders/1CXjBMWbcBXI3dWyUaoler79PaBtutF-4
5;C1077-Q9566;Morropon;Buenos Aires;295.73;Plantilla_Excel_Bloque_5_IN_Piura.xlsx;1nZp_rDFzAjNGSfFQHVVa42xcMGGtKUPn;DIAGNOSTICO BLOQUE 5;https://drive.google.com/drive/folders/1nZp_rDFzAjNGSfFQHVVa42xcMGGtKUPn
9;C1076-Q9586;Huancabamba;San Miguel de El Faique;109.86;Plantilla_Excel_Bloque_9_IN_Piura.xlsx;1pe1jtnrVqiQx_D_RysdYdXbs2URDGXGl;DIAGNOSTICO BLOQUE 9;https://drive.google.com/drive/folders/1pe1jtnrVqiQx_D_RysdYdXbs2URDGXGl
11;C1086-Q9570;Morropon;Santo Domingo;103.95;Plantilla_Excel_Bloque_11_IN_Piura.xlsx;16psVWpD1ZGHWVSAw7Xa0gaeFC9be3mvp;DIAGNOSTICO BLOQUE 11;https://drive.google.com/drive/folders/16psVWpD1ZGHWVSAw7Xa0gaeFC9be3mvp
4;C1076-Q9588;Huancabamba;Huarmaca;230.1;Plantilla_Excel_Bloque_4_IN_Piura.xlsx;1BmqzZivD26hDa4n3yfMgph8mni8fy9Of;DIAGNOSTICO BLOQUE 4;https://drive.google.com/drive/folders/1BmqzZivD26hDa4n3yfMgph8mni8fy9Of
12;C1086-Q9570;Morropon;Santo Domingo;119.54;Plantilla_Excel_Bloque_12_IN_Piura.xlsx;1YTCCpMF9Rlrqc_nte61EoJXY7Rm8HYtS;DIAGNOSTICO BLOQUE 12;https://drive.google.com/drive/folders/1YTCCpMF9Rlrqc_nte61EoJXY7Rm8HYtS
14;C1086-Q9570;Morropon;Santa Catalina de Mossa;92.9;Plantilla_Excel_Bloque_14_IN_Piura.xlsx;1BsoqP1MohsgjIHFoSAi8Z4kVaVzsNfHZ;DIAGNOSTICO BLOQUE 14;https://drive.google.com/drive/folders/1BsoqP1MohsgjIHFoSAi8Z4kVaVzsNfHZ
13;C1096-Q9564;Morropon;Santo Domingo;100.51;Plantilla_Excel_Bloque_13_IN_Piura.xlsx;11gnKd0xAv9G9r6XZi5SL6DMy6mOO9b6k;DIAGNOSTICO BLOQUE 13;https://drive.google.com/drive/folders/11gnKd0xAv9G9r6XZi5SL6DMy6mOO9b6k
15;C1086-Q9570;Morropon;Santo Domingo;86.15;Plantilla_Excel_Bloque_15_IN_Piura.xlsx;1AJjfmayZp0TO4qaMTNSPEpPvvTOc5qim;DIAGNOSTICO BLOQUE 15;https://drive.google.com/drive/folders/1AJjfmayZp0TO4qaMTNSPEpPvvTOc5qim
17;C1086-Q9570;Morropon;Santo Domingo;96.08;Plantilla_Excel_Bloque_17_IN_Piura.xlsx;1PxXW1bkiUs9Ne5uUe6aBEDwkzs-ZOV-y;DIAGNOSTICO BLOQUE 17;https://drive.google.com/drive/folders/1PxXW1bkiUs9Ne5uUe6aBEDwkzs-ZOV-y
18;C1076-Q9592;Huancabamba;Huarmaca;103.62;Plantilla_Excel_Bloque_18_IN_Piura.xlsx;17wFTEpS-GKF8lMbIO457i7HDxy81ugo3;DIAGNOSTICO BLOQUE 18;https://drive.google.com/drive/folders/17wFTEpS-GKF8lMbIO457i7HDxy81ugo3
19;C1076-Q9592;Huancabamba;Huarmaca;82.09;Plantilla_Excel_Bloque_19_IN_Piura.xlsx;1QJ0i7KnPU_ZVOd56XdkTbKQRrepTniQi;DIAGNOSTICO BLOQUE 19;https://drive.google.com/drive/folders/1QJ0i7KnPU_ZVOd56XdkTbKQRrepTniQi
22;C1096-Q9556;Morropon;Chulucanas;79.33;Plantilla_Excel_Bloque_22_IN_Piura.xlsx;1sXRnr2rvHAi3Q2mdJ84KBN24-2dBbjVP;DIAGNOSTICO BLOQUE 22;https://drive.google.com/drive/folders/1sXRnr2rvHAi3Q2mdJ84KBN24-2dBbjVP
26;C1081-Q9591;Huancabamba;Lalaquiz;46.96;Plantilla_Excel_Bloque_26_IN_Piura.xlsx;1Q6YkpZFx0uU7xhjn08X5oClcMDu7JBRM;DIAGNOSTICO BLOQUE 26;https://drive.google.com/drive/folders/1Q6YkpZFx0uU7xhjn08X5oClcMDu7JBRM
24;C1081-Q9583;Huancabamba;Canchaque;90.16;Plantilla_Excel_Bloque_24_IN_Piura.xlsx;1mGTQalZNx4HERgDeT7a27JfTW_2-g2OQ;DIAGNOSTICO BLOQUE 24;https://drive.google.com/drive/folders/1mGTQalZNx4HERgDeT7a27JfTW_2-g2OQ
27;C1096-Q9556;Ayabaca;Frias;78.15;Plantilla_Excel_Bloque_27_IN_Piura.xlsx;12AQCKQ0zt5kzhDChJsGBXfva-rjdRMZD;DIAGNOSTICO BLOQUE 27;https://drive.google.com/drive/folders/12AQCKQ0zt5kzhDChJsGBXfva-rjdRMZD
35;C1076-Q9586;Huancabamba;San Miguel de El Faique;30.8;Plantilla_Excel_Bloque_35_IN_Piura.xlsx;16BYYPC6Qw5_F-U4gGR1_9kLNW2SIB78S;DIAGNOSTICO BLOQUE 35;https://drive.google.com/drive/folders/16BYYPC6Qw5_F-U4gGR1_9kLNW2SIB78S
50;C1081-Q9590;Huancabamba;Lalaquiz;19.27;Plantilla_Excel_Bloque_50_IN_Piura.xlsx;1dWbye9e1FGSdrSiHUgmq_71aL0dGUzH-;DIAGNOSTICO BLOQUE 50;https://drive.google.com/drive/folders/1dWbye9e1FGSdrSiHUgmq_71aL0dGUzH-
52;C1086-Q9575;Morropon;Yamango;11.06;Plantilla_Excel_Bloque_52_IN_Piura.xlsx;1XmSSRYr-KFqYzCWcjmWu47adlGOqR07O;DIAGNOSTICO BLOQUE 52;https://drive.google.com/drive/folders/1XmSSRYr-KFqYzCWcjmWu47adlGOqR07O
42;C1086-Q9570;Morropon;Santa Catalina de Mossa;80.62;Plantilla_Excel_Bloque_42_IN_Piura.xlsx;1_MQPStO9fdmA3rASuXGXS-03NZF3gY3k;DIAGNOSTICO BLOQUE 42;https://drive.google.com/drive/folders/1_MQPStO9fdmA3rASuXGXS-03NZF3gY3k
41;C1076-Q9592;Huancabamba;Huarmaca;64.92;Plantilla_Excel_Bloque_41_IN_Piura.xlsx;1VedKExXj6KIiTkPaRm7NsyRlsBr-LoHJ;DIAGNOSTICO BLOQUE 41;https://drive.google.com/drive/folders/1VedKExXj6KIiTkPaRm7NsyRlsBr-LoHJ
44;C1076-Q9586;Huancabamba;San Miguel de El Faique;28.23;Plantilla_Excel_Bloque_44_IN_Piura.xlsx;1prhzOHXfoG_mKjX_Of03z0gWXa3P3wDB;DIAGNOSTICO BLOQUE 44;https://drive.google.com/drive/folders/1prhzOHXfoG_mKjX_Of03z0gWXa3P3wDB
43;C1076-Q9586;Huancabamba;San Miguel de El Faique;23.17;Plantilla_Excel_Bloque_43_IN_Piura.xlsx;1Ujr8vbykT2wbxWJ8zZzCb_uJMQzE1Kz5;DIAGNOSTICO BLOQUE 43;https://drive.google.com/drive/folders/1Ujr8vbykT2wbxWJ8zZzCb_uJMQzE1Kz5
49;C1086-Q9575;Morropon;Yamango;15.84;Plantilla_Excel_Bloque_49_IN_Piura.xlsx;1FB0wNh4FypNH0PSDnB0sN5d1QA9GbuMy;DIAGNOSTICO BLOQUE 49;https://drive.google.com/drive/folders/1FB0wNh4FypNH0PSDnB0sN5d1QA9GbuMy
47;C1076-Q9586;Huancabamba;San Miguel de El Faique;13.55;Plantilla_Excel_Bloque_47_IN_Piura.xlsx;1tNjlqrGDoGc-7aMWBH1CCiSAi6GmNqc4;DIAGNOSTICO BLOQUE 47;https://drive.google.com/drive/folders/1tNjlqrGDoGc-7aMWBH1CCiSAi6GmNqc4
6;C1096-Q9547;Ayabaca;Frias;168.41;Plantilla_Excel_Bloque_6_IN_Piura.xlsx;1Fe6OFhre3nbFtB6TDgvqvEUxS5FC5bVa;DIAGNOSTICO BLOQUE 6;https://drive.google.com/drive/folders/1Fe6OFhre3nbFtB6TDgvqvEUxS5FC5bVa
57;C1086-Q9576;Morropon;Chalaco;25.67;Plantilla_Excel_Bloque_57_IN_Piura.xlsx;1LZKcUBm66AcMRAUqJP5gppSoqODuQ1mm;DIAGNOSTICO BLOQUE 57;https://drive.google.com/drive/folders/1LZKcUBm66AcMRAUqJP5gppSoqODuQ1mm
56;C1096-Q9564;Ayabaca;Frias;77.67;Plantilla_Excel_Bloque_56_IN_Piura.xlsx;12N1KOF829JLUhtEVu4HA0HoYCLXdR8Z6;DIAGNOSTICO BLOQUE 56;https://drive.google.com/drive/folders/12N1KOF829JLUhtEVu4HA0HoYCLXdR8Z6
59;C1086-Q9570;Morropon;Chalaco;13.55;Plantilla_Excel_Bloque_59_IN_Piura.xlsx;1O5aSb6e2ASmRN7kWBkoCV6ZRoMj_dAun;DIAGNOSTICO BLOQUE 59;https://drive.google.com/drive/folders/1O5aSb6e2ASmRN7kWBkoCV6ZRoMj_dAun
61;C1081-Q9590;Huancabamba;Lalaquiz;26.83;Plantilla_Excel_Bloque_61_IN_Piura.xlsx;1WlwG9rkht5et8W5DSFhsWwnTa09vIKjv;DIAGNOSTICO BLOQUE 61;https://drive.google.com/drive/folders/1WlwG9rkht5et8W5DSFhsWwnTa09vIKjv
73;C1076-Q9592;Huancabamba;Huarmaca;54.29;Plantilla_Excel_Bloque_73_IN_Piura.xlsx;10IeruvHF5rougg1FTWs3jqsfG5b9Ss5r;DIAGNOSTICO BLOQUE 73;https://drive.google.com/drive/folders/10IeruvHF5rougg1FTWs3jqsfG5b9Ss5r
71;C1076-Q9593;Huancabamba;Huarmaca;10.67;Plantilla_Excel_Bloque_71_IN_Piura.xlsx;1T4t71z-bmg1EgIcMGEAo9NgNH3A6npui;DIAGNOSTICO BLOQUE 71;https://drive.google.com/drive/folders/1T4t71z-bmg1EgIcMGEAo9NgNH3A6npui
76;C1076-Q9593;Huancabamba;Huarmaca;19.62;Plantilla_Excel_Bloque_76_IN_Piura.xlsx;1fEX3bKhYoguCxrRlhe04qfQ_bLLsUb5v;DIAGNOSTICO BLOQUE 76;https://drive.google.com/drive/folders/1fEX3bKhYoguCxrRlhe04qfQ_bLLsUb5v
66;C1081-Q9591;Huancabamba;Canchaque;102.34;Plantilla_Excel_Bloque_66_IN_Piura.xlsx;1-v7L3Q7vnWixtGeBZPRmcTwL83So5Mef;DIAGNOSTICO BLOQUE 66;https://drive.google.com/drive/folders/1-v7L3Q7vnWixtGeBZPRmcTwL83So5Mef
67;C1076-Q9586;Huancabamba;San Miguel de El Faique;13.18;Plantilla_Excel_Bloque_67_IN_Piura.xlsx;1__brv6-Sg3AHtFXkeU2x0ZrM5sYFXMhD;DIAGNOSTICO BLOQUE 67;https://drive.google.com/drive/folders/1__brv6-Sg3AHtFXkeU2x0ZrM5sYFXMhD
72;C1076-Q9592;Huancabamba;Huarmaca;12.4;Plantilla_Excel_Bloque_72_IN_Piura.xlsx;1JPB_uWobqchiSsANgipL6yCx520inYtc;DIAGNOSTICO BLOQUE 72;https://drive.google.com/drive/folders/1JPB_uWobqchiSsANgipL6yCx520inYtc
80;C1076-Q9593;Huancabamba;Huarmaca;28.83;Plantilla_Excel_Bloque_80_IN_Piura.xlsx;1bc1EY20QN6Noo6XbH4jkDeVs3IENX6i-;DIAGNOSTICO BLOQUE 80;https://drive.google.com/drive/folders/1bc1EY20QN6Noo6XbH4jkDeVs3IENX6i-
78;C1086-Q9570;Morropon;Santo Domingo;35.1;Plantilla_Excel_Bloque_78_IN_Piura.xlsx;1l1qxfEqgvmUiXSb8QnQ1qhB82_fmZzFY;DIAGNOSTICO BLOQUE 78;https://drive.google.com/drive/folders/1l1qxfEqgvmUiXSb8QnQ1qhB82_fmZzFY
87;C1081-Q9583;Morropon;San Juan de Bigote;62.219;Plantilla_Excel_Bloque_87_IN_Piura.xlsx;1mTy0OKargQgXCvgRpX-MN1X0pZ2qZchR;DIAGNOSTICO BLOQUE 87;https://drive.google.com/drive/folders/1mTy0OKargQgXCvgRpX-MN1X0pZ2qZchR
82;C1086-Q9570;Morropon;Santo Domingo;35.66;Plantilla_Excel_Bloque_82_IN_Piura.xlsx;1HEZrVvGgOCil3A5IYJrwd4HEdGg7iikw;DIAGNOSTICO BLOQUE 82;https://drive.google.com/drive/folders/1HEZrVvGgOCil3A5IYJrwd4HEdGg7iikw
M11B3;C1081-Q9583;Morropon;San Juan de Bigote;106.03;Plantilla_Excel_Bloque_M11B3_IN_Piura.xlsx;1U6m74LyawGHP0e_TihiSmvLKhc1I2Q5j;DIAGNOSTICO BLOQUE M11B3;https://drive.google.com/drive/folders/1U6m74LyawGHP0e_TihiSmvLKhc1I2Q5j
M10B4;C1096-Q9547;Morropon;Chulucanas;68.89;Plantilla_Excel_Bloque_M10B4_IN_Piura.xlsx;1XiNpugRFhfSV_uCECQ_IbdBnzGFQ2F4P;DIAGNOSTICO BLOQUE M10B4;https://drive.google.com/drive/folders/1XiNpugRFhfSV_uCECQ_IbdBnzGFQ2F4P
M17B4;C1096-Q9556;Morropon;Chulucanas;124.71;Plantilla_Excel_Bloque_M17B4_IN_Piura.xlsx;1qBhB5MGOM1cscwjVeoWjyhHis7WjKFUI;DIAGNOSTICO BLOQUE M17B4;https://drive.google.com/drive/folders/1qBhB5MGOM1cscwjVeoWjyhHis7WjKFUI
M12B1;C1076-Q9588;Huancabamba;Huarmaca;268.39;Plantilla_Excel_Bloque_M12B1_IN_Piura.xlsx;10zcDqF2VBcJEcs51RW61sBe2X9pu-GcP;DIAGNOSTICO BLOQUE M12B1;https://drive.google.com/drive/folders/10zcDqF2VBcJEcs51RW61sBe2X9pu-GcP
M19B2;C1086-Q9570;Morropon;Morropon;74.37;Plantilla_Excel_Bloque_M19B2_IN_Piura.xlsx;1axU2afXYW4ZGlKoeKc3zjTCFNQ5lxQIm;DIAGNOSTICO BLOQUE M19B2;https://drive.google.com/drive/folders/1axU2afXYW4ZGlKoeKc3zjTCFNQ5lxQIm
M18B1;C1077-Q9579;Morropon;Buenos Aires;160.36;Plantilla_Excel_Bloque_M18B1_IN_Piura.xlsx;1xPJ8XBzb5Uh4gF4Kq_BTIZUHnztLZzyY;DIAGNOSTICO BLOQUE M18B1;https://drive.google.com/drive/folders/1xPJ8XBzb5Uh4gF4Kq_BTIZUHnztLZzyY
M17B6;C1096-Q9556;Ayabaca;Frias;106.54;Plantilla_Excel_Bloque_M17B6_IN_Piura.xlsx;1cyl7CR172fOAG0z02P89Z25DBgjiEpJE;DIAGNOSTICO BLOQUE M17B6;https://drive.google.com/drive/folders/1cyl7CR172fOAG0z02P89Z25DBgjiEpJE
M18B3;C1077-Q9579;Morropon;Salitral;373.81;Plantilla_Excel_Bloque_M18B3_IN_Piura.xlsx;1SMzfiQWA7IhW2XH4DtmeArj7gshuS54T;DIAGNOSTICO BLOQUE M18B3;https://drive.google.com/drive/folders/1SMzfiQWA7IhW2XH4DtmeArj7gshuS54T
M17B7;C1096-Q9556;Ayabaca;Frias;258.84;Plantilla_Excel_Bloque_M17B7_IN_Piura.xlsx;1kBKhaXbww-u5qotUX_U9GANVwlMhiUzQ;DIAGNOSTICO BLOQUE M17B7;https://drive.google.com/drive/folders/1kBKhaXbww-u5qotUX_U9GANVwlMhiUzQ
M2B1;C1076-Q9584;Morropon;Salitral;81.79;Plantilla_Excel_Bloque_M2B1_IN_Piura.xlsx;1FzmtPS3fS9hFSL6Hm1g48iW3HjHLvfrw;DIAGNOSTICO BLOQUE M2B1;https://drive.google.com/drive/folders/1FzmtPS3fS9hFSL6Hm1g48iW3HjHLvfrw
M1B1;C1077-Q9580;Morropon;Buenos Aires;188.8;Plantilla_Excel_Bloque_M1B1_IN_Piura.xlsx;1IQhCiNRcCPIY83rxzfQiljhmrqWBlSRt;DIAGNOSTICO BLOQUE M1B1;https://drive.google.com/drive/folders/1IQhCiNRcCPIY83rxzfQiljhmrqWBlSRt
M28B2;C1086-Q9575;Morropon;Yamango;90.2;Plantilla_Excel_Bloque_M28B2_IN_Piura.xlsx;10pKTiOQxqOTwgyUNxsFtaeqQbKjbV5ku;DIAGNOSTICO BLOQUE M28B2;https://drive.google.com/drive/folders/10pKTiOQxqOTwgyUNxsFtaeqQbKjbV5ku
M20B1;C1076-Q9585;Huancabamba;San Miguel de El Faique;279.68;Plantilla_Excel_Bloque_M20B1_IN_Piura.xlsx;1bjvzaMmxS2AgNEHX3gfFSiiE104rJ0RD;DIAGNOSTICO BLOQUE M20B1;https://drive.google.com/drive/folders/1bjvzaMmxS2AgNEHX3gfFSiiE104rJ0RD
M2B5;C1076-Q9584;Morropon;Salitral;30.91;Plantilla_Excel_Bloque_M2B5_IN_Piura.xlsx;1MI5shbLxOr7JLfog1wTprM-v3A9KbGjp;DIAGNOSTICO BLOQUE M2B5;https://drive.google.com/drive/folders/1MI5shbLxOr7JLfog1wTprM-v3A9KbGjp
M28B3;C1086-Q9575;Morropon;Yamango;58.29;Plantilla_Excel_Bloque_M28B3_IN_Piura.xlsx;1-trwJeabIEwc58jhoUYkRtmeQoym8cxl;DIAGNOSTICO BLOQUE M28B3;https://drive.google.com/drive/folders/1-trwJeabIEwc58jhoUYkRtmeQoym8cxl
M27B1;C1096-Q9557;Morropon;Chulucanas;448.8;Plantilla_Excel_Bloque_M27B1_IN_Piura.xlsx;1ibPnzTarQ1yQOMSN17euZQfW-KfKPZ7b;DIAGNOSTICO BLOQUE M27B1;https://drive.google.com/drive/folders/1ibPnzTarQ1yQOMSN17euZQfW-KfKPZ7b
M28B4;C1086-Q9575;Morropon;Yamango;283.43;Plantilla_Excel_Bloque_M28B4_IN_Piura.xlsx;1m4opls49Z_hFe9Oh-SSVwVKIG9GVv2MX;DIAGNOSTICO BLOQUE M28B4;https://drive.google.com/drive/folders/1m4opls49Z_hFe9Oh-SSVwVKIG9GVv2MX
M3B3;C1081-Q9582;Morropon;San Juan de Bigote;84.82;Plantilla_Excel_Bloque_M3B3_IN_Piura.xlsx;1cOtWwiZgnLJQVZSafZMinqjbzhheKFoq;DIAGNOSTICO BLOQUE M3B3;https://drive.google.com/drive/folders/1cOtWwiZgnLJQVZSafZMinqjbzhheKFoq
M32B3;C1086-Q9569;Morropon;Morropon;50.97;Plantilla_Excel_Bloque_M32B3_IN_Piura.xlsx;1deTvuyBO40rMhEVMfJ150ko284SYoSYn;DIAGNOSTICO BLOQUE M32B3;https://drive.google.com/drive/folders/1deTvuyBO40rMhEVMfJ150ko284SYoSYn
M30B5;C1081-Q9591;Huancabamba;Huancabamba;90.9;Plantilla_Excel_Bloque_M30B5_IN_Piura.xlsx;1fsoRljJGXGW7a-Xv7MHfExZr6BAqIz05;DIAGNOSTICO BLOQUE M30B5;https://drive.google.com/drive/folders/1fsoRljJGXGW7a-Xv7MHfExZr6BAqIz05
M3B5;C1081-Q9582;Morropon;San Juan de Bigote;52.74;Plantilla_Excel_Bloque_M3B5_IN_Piura.xlsx;1cTY61Xr9QmQnilPhoO8bglrYsIfRis5v;DIAGNOSTICO BLOQUE M3B5;https://drive.google.com/drive/folders/1cTY61Xr9QmQnilPhoO8bglrYsIfRis5v
M36B2;C1086-Q9576;Morropon;Santa Catalina de Mossa;28.19;Plantilla_Excel_Bloque_M36B2_IN_Piura.xlsx;1BRV7QYwD0bUAjNzoq3de_HwOKHsbdN6W;DIAGNOSTICO BLOQUE M36B2;https://drive.google.com/drive/folders/1BRV7QYwD0bUAjNzoq3de_HwOKHsbdN6W
M3B8;C1081-Q9582;Morropon;San Juan de Bigote;565.58;Plantilla_Excel_Bloque_M3B8_IN_Piura.xlsx;1C0sZtbD4w7S_wxNmTjyA_ErtyQAZaQPy;DIAGNOSTICO BLOQUE M3B8;https://drive.google.com/drive/folders/1C0sZtbD4w7S_wxNmTjyA_ErtyQAZaQPy
M3B7;C1081-Q9582;Morropon;San Juan de Bigote;122.95;Plantilla_Excel_Bloque_M3B7_IN_Piura.xlsx;1m7IALIuY2OtSWx685ku9SPqPpG7xIaom;DIAGNOSTICO BLOQUE M3B7;https://drive.google.com/drive/folders/1m7IALIuY2OtSWx685ku9SPqPpG7xIaom
M4B3;C1076-Q9589;Huancabamba;Huarmaca;234.07;Plantilla_Excel_Bloque_M4B3_IN_Piura.xlsx;1D6y1gcabvD3J8UNYzZ3eo_oIbzfxEPSF;DIAGNOSTICO BLOQUE M4B3;https://drive.google.com/drive/folders/1D6y1gcabvD3J8UNYzZ3eo_oIbzfxEPSF
M3B9;C1081-Q9582;Morropon;Salitral;294.2;Plantilla_Excel_Bloque_M3B9_IN_Piura.xlsx;1uNI63yCsBebeBGCcIPNc6U3-2RoSxwa4;DIAGNOSTICO BLOQUE M3B9;https://drive.google.com/drive/folders/1uNI63yCsBebeBGCcIPNc6U3-2RoSxwa4
M3B6;C1081-Q9582;Morropon;San Juan de Bigote;60.35;Plantilla_Excel_Bloque_M3B6_IN_Piura.xlsx;12WDiqxI0uXXv1VsamYl8RPjm-LECsjLP;DIAGNOSTICO BLOQUE M3B6;https://drive.google.com/drive/folders/12WDiqxI0uXXv1VsamYl8RPjm-LECsjLP
M4B4;C1076-Q9589;Huancabamba;Huarmaca;289.91;Plantilla_Excel_Bloque_M4B4_IN_Piura.xlsx;1tS9iBa5KY5815_6NcIjcENxaJ2G6irH2;DIAGNOSTICO BLOQUE M4B4;https://drive.google.com/drive/folders/1tS9iBa5KY5815_6NcIjcENxaJ2G6irH2
M6B10;C1077-Q9566;Morropon;Buenos Aires;249.89;Plantilla_Excel_Bloque_M6B10_IN_Piura.xlsx;1BSWY17eUA4UiJMktjunZMa_3Ie9lMNsG;DIAGNOSTICO BLOQUE M6B10;https://drive.google.com/drive/folders/1BSWY17eUA4UiJMktjunZMa_3Ie9lMNsG
M7B6;C1076-Q9581;Morropon;Salitral;91.29;Plantilla_Excel_Bloque_M7B6_IN_Piura.xlsx;1TEyGZcwheeh_n2PGOUlvl_u6I4oLf06Q;DIAGNOSTICO BLOQUE M7B6;https://drive.google.com/drive/folders/1TEyGZcwheeh_n2PGOUlvl_u6I4oLf06Q
M7B2;C1076-Q9581;Morropon;Salitral;115.38;Plantilla_Excel_Bloque_M7B2_IN_Piura.xlsx;1Cuw-5-H_CgTTGO_C8_nAL91yLdAoqR0y;DIAGNOSTICO BLOQUE M7B2;https://drive.google.com/drive/folders/1Cuw-5-H_CgTTGO_C8_nAL91yLdAoqR0y
70;C1076-Q9592;Huancabamba;Huarmaca;22.39;Plantilla_Excel_Bloque_70_IN_Piura.xlsx;1qmQRkASvS8XoZIQdZ-hdGgawHgA1p0It;DIAGNOSTICO BLOQUES 70 y 53;https://drive.google.com/drive/folders/1qmQRkASvS8XoZIQdZ-hdGgawHgA1p0It
53;C1076-Q9592;Huancabamba;Huarmaca;13.06;Plantilla_Excel_Bloque_53_IN_Piura.xlsx;1qmQRkASvS8XoZIQdZ-hdGgawHgA1p0It;DIAGNOSTICO BLOQUES 70 y 53;https://drive.google.com/drive/folders/1qmQRkASvS8XoZIQdZ-hdGgawHgA1p0It
M7B1;C1076-Q9581;Morropon;Salitral;130.43;Plantilla_Excel_Bloque_M7B1_IN_Piura.xlsx;1z8aL3WYudoPbP4SAINwaPpzjefdFWB0k;DIAGNOSTICO BLOQUE M7B1;https://drive.google.com/drive/folders/1z8aL3WYudoPbP4SAINwaPpzjefdFWB0k
M22B1;C1076-Q9586;Huancabamba;San Miguel de El Faique;55.17;Plantilla_Excel_Bloque_M22B1_IN_Piura.xlsx;1pLbZQ_o92OkVF0wD8-SnwMqrPkL1HjhB;DIAGNOSTICO BLQOUE M22B1;https://drive.google.com/drive/folders/1pLbZQ_o92OkVF0wD8-SnwMqrPkL1HjhB
M9B1;C1096-Q9545;Morropon;Chulucanas;355.36;Plantilla_Excel_Bloque_M9B1_IN_Piura.xlsx;1xrjOVFY5y4frYKDfFHFFRc4eWoGWoRhf;DIAGNOSTICO BLOQUE M9B1;https://drive.google.com/drive/folders/1xrjOVFY5y4frYKDfFHFFRc4eWoGWoRhf
83;C1081-Q9583;Morropon;San Juan de Bigote;24.344;Plantilla_Excel_Bloque_83_IN_Piura.xlsx;1V42IvbeF1u5aWzADgyAfPbvbVi2pgarQ;DIAGNOSTICO BLOQUES 83 Y 84;https://drive.google.com/drive/folders/1V42IvbeF1u5aWzADgyAfPbvbVi2pgarQ
84;C1081-Q9583;Morropon;San Juan de Bigote;5.097;Plantilla_Excel_Bloque_84_IN_Piura.xlsx;1V42IvbeF1u5aWzADgyAfPbvbVi2pgarQ;DIAGNOSTICO BLOQUES 83 Y 84;https://drive.google.com/drive/folders/1V42IvbeF1u5aWzADgyAfPbvbVi2pgarQ
39;C1096-Q9564;Ayabaca;Frias;68.57;Plantilla_Excel_Bloque_39_IN_Piura.xlsx;1s_zPpGpt3D3Lp4j1mc-NJ6BlA6MuUhNK;DIAGNOSTICO BLQOUE 39;https://drive.google.com/drive/folders/1s_zPpGpt3D3Lp4j1mc-NJ6BlA6MuUhNK
10;C1076-Q9593;Huancabamba;Huarmaca;150.21;Plantilla_Excel_Bloque_10_IN_Piura.xlsx;1JFlaBSEnNUtqJXFFy8K1LqsqU3vruxWm;DIAGNOSTICO BLQOUES 10 Y 16;https://drive.google.com/drive/folders/1JFlaBSEnNUtqJXFFy8K1LqsqU3vruxWm
16;C1076-Q9593;Huancabamba;Huarmaca;83.33;Plantilla_Excel_Bloque_16_IN_Piura.xlsx;1JFlaBSEnNUtqJXFFy8K1LqsqU3vruxWm;DIAGNOSTICO BLQOUES 10 Y 16;https://drive.google.com/drive/folders/1JFlaBSEnNUtqJXFFy8K1LqsqU3vruxWm
M17B10;C1096-Q9556;Ayabaca;Frias;75.36;Plantilla_Excel_Bloque_M17B10_IN_Piura.xlsx;1o5ydbY_7k2eaZLTcZtkwvtpGKYTW3h4x;DIAGNOSTICO M17B10;https://drive.google.com/drive/folders/1o5ydbY_7k2eaZLTcZtkwvtpGKYTW3h4x
31;C1076-Q9592;Huancabamba;Huarmaca;47.58;Plantilla_Excel_Bloque_31_IN_Piura.xlsx;16Q4dVjLla-bLyRRWrAHt0Zy-OwquAywh;DIAGNOSTICOS BLOQUES 31 y 69;https://drive.google.com/drive/folders/16Q4dVjLla-bLyRRWrAHt0Zy-OwquAywh
69;C1076-Q9592;Huancabamba;Huarmaca;19.43;Plantilla_Excel_Bloque_69_IN_Piura.xlsx;16Q4dVjLla-bLyRRWrAHt0Zy-OwquAywh;DIAGNOSTICOS BLOQUES 31 y 69;https://drive.google.com/drive/folders/16Q4dVjLla-bLyRRWrAHt0Zy-OwquAywh
85;C1081-Q9583;Morropon;San Juan de Bigote;11.906;Plantilla_Excel_Bloque_85_IN_Piura.xlsx;1B_w3ALXyTIpwwjIKvX9ZTtpIK9xvxbI-;DIAGNOSTICOS BLOQUES 85 Y 86;https://drive.google.com/drive/folders/1B_w3ALXyTIpwwjIKvX9ZTtpIK9xvxbI-
86;C1081-Q9583;Morropon;San Juan de Bigote;30.001;Plantilla_Excel_Bloque_86_IN_Piura.xlsx;1B_w3ALXyTIpwwjIKvX9ZTtpIK9xvxbI-;DIAGNOSTICOS BLOQUES 85 Y 86;https://drive.google.com/drive/folders/1B_w3ALXyTIpwwjIKvX9ZTtpIK9xvxbI-
