name,label,provincia,distrito,tipo_unidad,bloque_ref,area_ha,area_bloque_ha,posicion_sus,asistente,asistente_nombre
27,Bloque 27 – Frías (78.15 ha),ayabaca,frias,bloque,27,78.154,78.154,,AP-1,Diusberto Peña López
3,Bloque 3 – Frías (459.29 ha),ayabaca,frias,bloque,3,459.295,459.295,,AP-1,Diusberto Peña López
36,Bloque 36 – Frías (24.84 ha),ayabaca,frias,bloque,36,24.843,24.843,,AP-1,Diusberto Peña López
39,Bloque 39 – Frías (68.57 ha),ayabaca,frias,bloque,39,68.569,68.569,,AP-1,Diusberto Peña López
56,Bloque 56 – Frías (77.67 ha),ayabaca,frias,bloque,56,77.666,77.666,,AP-1,Diusberto Peña López
6,Bloque 6 – Frías (168.41 ha),ayabaca,frias,bloque,6,168.411,168.411,,AP-1,Diusberto Peña López
M17B10,Bloque M17B10 – Frías (75.36 ha),ayabaca,frias,bloque,M17B10,75.363,75.363,,AP-1,Diusberto Peña López
M17B5,Bloque M17B5 – Frías (74.03 ha),ayabaca,frias,bloque,M17B5,74.028,74.028,,AP-1,Diusberto Peña López
M17B6,Bloque M17B6 – Frías (106.54 ha),ayabaca,frias,bloque,M17B6,106.538,106.538,,AP-1,Diusberto Peña López
M17B7,Bloque M17B7 – Frías (258.84 ha),ayabaca,frias,bloque,M17B7,258.837,258.837,,AP-1,Diusberto Peña López
5,Bloque 5 – Buenos Aires (295.73 ha),morropon,buenos_aires,bloque,5,295.726,295.726,,AP-2,Didier Lucrecio Salvador García
M18B1,Bloque M18B1 – Buenos Aires (160.36 ha),morropon,buenos_aires,bloque,M18B1,160.36,160.36,,AP-2,Didier Lucrecio Salvador García
M1B1,Bloque M1B1 – Buenos Aires (188.80 ha),morropon,buenos_aires,bloque,M1B1,188.797,188.797,,AP-2,Didier Lucrecio Salvador García
M6B10,Bloque M6B10 – Buenos Aires (249.89 ha),morropon,buenos_aires,bloque,M6B10,249.89,249.89,,AP-2,Didier Lucrecio Salvador García
M6B2-1,Bloque M6B2-1 – Buenos Aires (514.36 ha),morropon,buenos_aires,bloque,M6B2-1,514.359,514.359,,AP-2,Didier Lucrecio Salvador García
M6B2-2,Bloque M6B2-2 – Buenos Aires (333.01 ha),morropon,buenos_aires,bloque,M6B2-2,333.011,333.011,,AP-2,Didier Lucrecio Salvador García
M6B2-3,Bloque M6B2-3 – Buenos Aires (160.98 ha),morropon,buenos_aires,bloque,M6B2-3,160.978,160.978,,AP-2,Didier Lucrecio Salvador García
57,Bloque 57 – Chalaco (25.67 ha),morropon,chalaco,bloque,57,25.668,25.668,,AP-4,Walter Córdova Córdova
59,Bloque 59 – Chalaco (13.55 ha),morropon,chalaco,bloque,59,13.554,13.554,,AP-4,Walter Córdova Córdova
2,Bloque 2 – Chulucanas (330.60 ha),morropon,chulucanas,bloque,2,330.599,330.599,,AP-1,Diusberto Peña López
22,Bloque 22 – Chulucanas (79.33 ha),morropon,chulucanas,bloque,22,79.33,79.33,,AP-1,Diusberto Peña López
M10B4,Bloque M10B4 – Chulucanas (68.89 ha),morropon,chulucanas,bloque,M10B4,68.887,68.887,,AP-1,Diusberto Peña López
M17B1,Bloque M17B1 – Chulucanas (42.45 ha),morropon,chulucanas,bloque,M17B1,42.449,42.449,,AP-1,Diusberto Peña López
M17B4,Bloque M17B4 – Chulucanas (124.71 ha),morropon,chulucanas,bloque,M17B4,124.709,124.709,,AP-1,Diusberto Peña López
M27B1,Bloque M27B1 – Chulucanas (448.80 ha),morropon,chulucanas,bloque,M27B1,448.804,448.804,,AP-1,Diusberto Peña López
M9B1,Bloque M9B1 – Chulucanas (355.36 ha),morropon,chulucanas,bloque,M9B1,355.364,355.364,,AP-1,Diusberto Peña López
M19B2,Bloque M19B2 – Morropón (74.37 ha),morropon,morropon,bloque,M19B2,74.372,74.372,,AP-2,Didier Lucrecio Salvador García
M32B3,Bloque M32B3 – Morropón (50.97 ha),morropon,morropon,bloque,M32B3,50.972,50.972,,AP-2,Didier Lucrecio Salvador García
M18B3,Bloque M18B3 – Salitral (373.81 ha),morropon,salitral,bloque,M18B3,373.807,373.807,,AP-2,Didier Lucrecio Salvador García
M2B1,Bloque M2B1 – Salitral (81.79 ha),morropon,salitral,bloque,M2B1,81.795,81.795,,AP-2,Didier Lucrecio Salvador García
M2B5,Bloque M2B5 – Salitral (30.91 ha),morropon,salitral,bloque,M2B5,30.909,30.909,,AP-2,Didier Lucrecio Salvador García
M3B1,Bloque M3B1 – Salitral (80.98 ha),morropon,salitral,bloque,M3B1,80.983,80.983,,AP-2,Didier Lucrecio Salvador García
M3B9,Bloque M3B9 – Salitral (294.20 ha),morropon,salitral,bloque,M3B9,294.204,294.204,,AP-2,Didier Lucrecio Salvador García
M7B1,Bloque M7B1 – Salitral (130.43 ha),morropon,salitral,bloque,M7B1,130.425,130.425,,AP-2,Didier Lucrecio Salvador García
M7B2,Bloque M7B2 – Salitral (115.38 ha),morropon,salitral,bloque,M7B2,115.379,115.379,,AP-2,Didier Lucrecio Salvador García
M7B3,Bloque M7B3 – Salitral (65.74 ha),morropon,salitral,bloque,M7B3,65.745,65.745,,AP-2,Didier Lucrecio Salvador García
M7B6,Bloque M7B6 – Salitral (91.29 ha),morropon,salitral,bloque,M7B6,91.285,91.285,,AP-2,Didier Lucrecio Salvador García
77,Bloque 77 – San Juan de Bigote (17.82 ha),morropon,san_juan_de_bigote,bloque,77,17.821,17.821,,AP-2,Didier Lucrecio Salvador García
83,Bloque 83 – San Juan de Bigote (24.34 ha),morropon,san_juan_de_bigote,bloque,83,24.344,24.344,,AP-2,Didier Lucrecio Salvador García
84,Bloque 84 – San Juan de Bigote (5.10 ha),morropon,san_juan_de_bigote,bloque,84,5.097,5.097,,AP-2,Didier Lucrecio Salvador García
85,Bloque 85 – San Juan de Bigote (11.91 ha),morropon,san_juan_de_bigote,bloque,85,11.906,11.906,,AP-2,Didier Lucrecio Salvador García
86,Bloque 86 – San Juan de Bigote (30.00 ha),morropon,san_juan_de_bigote,bloque,86,30.001,30.001,,AP-2,Didier Lucrecio Salvador García
87,Bloque 87 – San Juan de Bigote (62.22 ha),morropon,san_juan_de_bigote,bloque,87,62.219,62.219,,AP-2,Didier Lucrecio Salvador García
M11B3,Bloque M11B3 – San Juan de Bigote (106.03 ha),morropon,san_juan_de_bigote,bloque,M11B3,106.027,106.027,,AP-2,Didier Lucrecio Salvador García
M3B3,Bloque M3B3 – San Juan de Bigote (84.82 ha),morropon,san_juan_de_bigote,bloque,M3B3,84.825,84.825,,AP-2,Didier Lucrecio Salvador García
M3B5,Bloque M3B5 – San Juan de Bigote (52.74 ha),morropon,san_juan_de_bigote,bloque,M3B5,52.743,52.743,,AP-2,Didier Lucrecio Salvador García
M3B6,Bloque M3B6 – San Juan de Bigote (60.35 ha),morropon,san_juan_de_bigote,bloque,M3B6,60.352,60.352,,AP-2,Didier Lucrecio Salvador García
M3B7,Bloque M3B7 – San Juan de Bigote (122.95 ha),morropon,san_juan_de_bigote,bloque,M3B7,122.946,122.946,,AP-2,Didier Lucrecio Salvador García
M3B8,Bloque M3B8 – San Juan de Bigote (565.58 ha),morropon,san_juan_de_bigote,bloque,M3B8,565.584,565.584,,AP-2,Didier Lucrecio Salvador García
14,Bloque 14 – Santa Catalina de Mossa (92.90 ha),morropon,santa_catalina_de_mossa,bloque,14,92.905,92.905,,AP-4,Walter Córdova Córdova
42,Bloque 42 – Santa Catalina de Mossa (80.62 ha),morropon,santa_catalina_de_mossa,bloque,42,80.616,80.616,,AP-4,Walter Córdova Córdova
58,Bloque 58 – Santa Catalina de Mossa (11.47 ha),morropon,santa_catalina_de_mossa,bloque,58,11.475,11.475,,AP-4,Walter Córdova Córdova
M36B2,Bloque M36B2 – Santa Catalina de Mossa (28.19 ha),morropon,santa_catalina_de_mossa,bloque,M36B2,28.19,28.19,,AP-4,Walter Córdova Córdova
11,Bloque 11 – Santo Domingo (103.95 ha),morropon,santo_domingo,bloque,11,103.948,103.948,,AP-4,Walter Córdova Córdova
12,Bloque 12 – Santo Domingo (119.54 ha),morropon,santo_domingo,bloque,12,119.538,119.538,,AP-4,Walter Córdova Córdova
13,Bloque 13 – Santo Domingo (100.51 ha),morropon,santo_domingo,bloque,13,100.514,100.514,,AP-4,Walter Córdova Córdova
15,Bloque 15 – Santo Domingo (86.15 ha),morropon,santo_domingo,bloque,15,86.147,86.147,,AP-4,Walter Córdova Córdova
17,Bloque 17 – Santo Domingo (96.08 ha),morropon,santo_domingo,bloque,17,96.079,96.079,,AP-4,Walter Córdova Córdova
23,Bloque 23 – Santo Domingo (81.78 ha),morropon,santo_domingo,bloque,23,81.776,81.776,,AP-4,Walter Córdova Córdova
78,Bloque 78 – Santo Domingo (35.10 ha),morropon,santo_domingo,bloque,78,35.1,35.1,,AP-4,Walter Córdova Córdova
82,Bloque 82 – Santo Domingo (35.66 ha),morropon,santo_domingo,bloque,82,35.661,35.661,,AP-4,Walter Córdova Córdova
M19B7,Bloque M19B7 – Santo Domingo (34.17 ha),morropon,santo_domingo,bloque,M19B7,34.171,34.171,,AP-4,Walter Córdova Córdova
M8B2,Bloque M8B2 – Santo Domingo (35.35 ha),morropon,santo_domingo,bloque,M8B2,35.347,35.347,,AP-4,Walter Córdova Córdova
49,Bloque 49 – Yamango (15.84 ha),morropon,yamango,bloque,49,15.839,15.839,,AP-3,Miguel Ángel López Maza
52,Bloque 52 – Yamango (11.06 ha),morropon,yamango,bloque,52,11.059,11.059,,AP-3,Miguel Ángel López Maza
55,Bloque 55 – Yamango (0.86 ha),morropon,yamango,bloque,55,0.859,0.859,,AP-3,Miguel Ángel López Maza
M28B2,Bloque M28B2 – Yamango (90.20 ha),morropon,yamango,bloque,M28B2,90.197,90.197,,AP-3,Miguel Ángel López Maza
M28B3,Bloque M28B3 – Yamango (58.29 ha),morropon,yamango,bloque,M28B3,58.292,58.292,,AP-3,Miguel Ángel López Maza
M28B4,Bloque M28B4 – Yamango (283.43 ha),morropon,yamango,bloque,M28B4,283.428,283.428,,AP-3,Miguel Ángel López Maza
21,Bloque 21 – Canchaque (84.23 ha),huancabamba,canchaque,bloque,21,84.227,84.227,,AP-5,Eli Moisés Tocto Padilla
24,Bloque 24 – Canchaque (90.16 ha),huancabamba,canchaque,bloque,24,90.159,90.159,,AP-5,Eli Moisés Tocto Padilla
28,Bloque 28 – Canchaque (52.97 ha),huancabamba,canchaque,bloque,28,52.966,52.966,,AP-5,Eli Moisés Tocto Padilla
30,Bloque 30 – Canchaque (34.87 ha),huancabamba,canchaque,bloque,30,34.874,34.874,,AP-5,Eli Moisés Tocto Padilla
40,Bloque 40 – Canchaque (28.52 ha),huancabamba,canchaque,bloque,40,28.523,28.523,,AP-5,Eli Moisés Tocto Padilla
60,Bloque 60 – Canchaque (40.13 ha),huancabamba,canchaque,bloque,60,40.132,40.132,,AP-5,Eli Moisés Tocto Padilla
63,Bloque 63 – Canchaque (50.46 ha),huancabamba,canchaque,bloque,63,50.459,50.459,,AP-5,Eli Moisés Tocto Padilla
66,Bloque 66 – Canchaque (102.34 ha),huancabamba,canchaque,bloque,66,102.335,102.335,,AP-5,Eli Moisés Tocto Padilla
79,Bloque 79 – Canchaque (94.81 ha),huancabamba,canchaque,bloque,79,94.812,94.812,,AP-5,Eli Moisés Tocto Padilla
81,Bloque 81 – Canchaque (8.93 ha),huancabamba,canchaque,bloque,81,8.929,8.929,,AP-5,Eli Moisés Tocto Padilla
64,Bloque 64 – Huancabamba (35.77 ha),huancabamba,huancabamba,bloque,64,35.774,35.774,,AP-5,Eli Moisés Tocto Padilla
M30B5,Bloque M30B5 – Huancabamba (90.90 ha),huancabamba,huancabamba,bloque,M30B5,90.903,90.903,,AP-5,Eli Moisés Tocto Padilla
10,Bloque 10 – Huarmaca (150.21 ha),huancabamba,huarmaca,bloque,10,150.214,150.214,,AP-5,Eli Moisés Tocto Padilla
16,Bloque 16 – Huarmaca (83.33 ha),huancabamba,huarmaca,bloque,16,83.327,83.327,,AP-5,Eli Moisés Tocto Padilla
18,Bloque 18 – Huarmaca (103.62 ha),huancabamba,huarmaca,bloque,18,103.617,103.617,,AP-6,Rubén García García
19,Bloque 19 – Huarmaca (82.09 ha),huancabamba,huarmaca,bloque,19,82.088,82.088,,AP-6,Rubén García García
20,Bloque 20 – Huarmaca (81.33 ha),huancabamba,huarmaca,bloque,20,81.334,81.334,,AP-5,Eli Moisés Tocto Padilla
31,Bloque 31 – Huarmaca (47.58 ha),huancabamba,huarmaca,bloque,31,47.581,47.581,,AP-6,Rubén García García
4,Bloque 4 – Huarmaca (230.10 ha),huancabamba,huarmaca,bloque,4,230.098,230.098,,AP-5,Eli Moisés Tocto Padilla
41,Bloque 41 – Huarmaca (64.92 ha),huancabamba,huarmaca,bloque,41,64.923,64.923,,AP-6,Rubén García García
51,Bloque 51 – Huarmaca (22.93 ha),huancabamba,huarmaca,bloque,51,22.927,22.927,,AP-5,Eli Moisés Tocto Padilla
53,Bloque 53 – Huarmaca (13.06 ha),huancabamba,huarmaca,bloque,53,13.065,13.065,,AP-6,Rubén García García
69,Bloque 69 – Huarmaca (19.43 ha),huancabamba,huarmaca,bloque,69,19.425,19.425,,AP-6,Rubén García García
70,Bloque 70 – Huarmaca (22.39 ha),huancabamba,huarmaca,bloque,70,22.388,22.388,,AP-6,Rubén García García
71,Bloque 71 – Huarmaca (10.67 ha),huancabamba,huarmaca,bloque,71,10.673,10.673,,AP-5,Eli Moisés Tocto Padilla
72,Bloque 72 – Huarmaca (12.40 ha),huancabamba,huarmaca,bloque,72,12.398,12.398,,AP-6,Rubén García García
73,Bloque 73 – Huarmaca (54.29 ha),huancabamba,huarmaca,bloque,73,54.29,54.29,,AP-6,Rubén García García
76,Bloque 76 – Huarmaca (19.62 ha),huancabamba,huarmaca,bloque,76,19.615,19.615,,AP-5,Eli Moisés Tocto Padilla
8,Bloque 8 – Huarmaca (126.95 ha),huancabamba,huarmaca,bloque,8,126.952,126.952,,AP-5,Eli Moisés Tocto Padilla
80,Bloque 80 – Huarmaca (28.83 ha),huancabamba,huarmaca,bloque,80,28.83,28.83,,AP-5,Eli Moisés Tocto Padilla
M12B1,Bloque M12B1 – Huarmaca (268.39 ha),huancabamba,huarmaca,bloque,M12B1,268.393,268.393,,AP-5,Eli Moisés Tocto Padilla
M4B3,Bloque M4B3 – Huarmaca (234.07 ha),huancabamba,huarmaca,bloque,M4B3,234.069,234.069,,AP-6,Rubén García García
M4B4,Bloque M4B4 – Huarmaca (289.91 ha),huancabamba,huarmaca,bloque,M4B4,289.914,289.914,,AP-6,Rubén García García
26,Bloque 26 – Lalaquiz (46.96 ha),huancabamba,lalaquiz,bloque,26,46.962,46.962,,PENDIENTE,Por asignar (Lalaquiz)
34,Bloque 34 – Lalaquiz (28.45 ha),huancabamba,lalaquiz,bloque,34,28.45,28.45,,PENDIENTE,Por asignar (Lalaquiz)
37,Bloque 37 – Lalaquiz (35.49 ha),huancabamba,lalaquiz,bloque,37,35.491,35.491,,PENDIENTE,Por asignar (Lalaquiz)
38,Bloque 38 – Lalaquiz (44.20 ha),huancabamba,lalaquiz,bloque,38,44.201,44.201,,PENDIENTE,Por asignar (Lalaquiz)
50,Bloque 50 – Lalaquiz (19.27 ha),huancabamba,lalaquiz,bloque,50,19.266,19.266,,PENDIENTE,Por asignar (Lalaquiz)
61,Bloque 61 – Lalaquiz (26.83 ha),huancabamba,lalaquiz,bloque,61,26.826,26.826,,PENDIENTE,Por asignar (Lalaquiz)
35,Bloque 35 – San Miguel de El Faique (30.80 ha),huancabamba,san_miguel_de_el_faique,bloque,35,30.804,30.804,,AP-6,Rubén García García
43,Bloque 43 – San Miguel de El Faique (23.17 ha),huancabamba,san_miguel_de_el_faique,bloque,43,23.171,23.171,,AP-6,Rubén García García
44,Bloque 44 – San Miguel de El Faique (28.23 ha),huancabamba,san_miguel_de_el_faique,bloque,44,28.234,28.234,,AP-6,Rubén García García
47,Bloque 47 – San Miguel de El Faique (13.55 ha),huancabamba,san_miguel_de_el_faique,bloque,47,13.551,13.551,,AP-6,Rubén García García
67,Bloque 67 – San Miguel de El Faique (13.18 ha),huancabamba,san_miguel_de_el_faique,bloque,67,13.184,13.184,,AP-6,Rubén García García
9,Bloque 9 – San Miguel de El Faique (109.86 ha),huancabamba,san_miguel_de_el_faique,bloque,9,109.861,109.861,,AP-6,Rubén García García
M20B1,Bloque M20B1 – San Miguel de El Faique (279.68 ha),huancabamba,san_miguel_de_el_faique,bloque,M20B1,279.68,279.68,,AP-6,Rubén García García
M22B1,Bloque M22B1 – San Miguel de El Faique (55.17 ha),huancabamba,san_miguel_de_el_faique,bloque,M22B1,55.17,55.17,,AP-6,Rubén García García
M2B8,Bloque M2B8 – San Miguel de El Faique (116.10 ha),huancabamba,san_miguel_de_el_faique,bloque,M2B8,116.099,116.099,,AP-6,Rubén García García
SUS-001,SUS-001 – lote SUS contiguo bloque 27 (3.30 ha),ayabaca,frias,lote_sus,27,3.296,78.154,CONTIGUO,AP-1,Diusberto Peña López
SUS-002,SUS-002 – lote SUS dentro bloque 27 (3.52 ha),ayabaca,frias,lote_sus,27,3.519,78.154,DENTRO,AP-1,Diusberto Peña López
SUS-003,SUS-003 – lote SUS contiguo bloque 3 (44.19 ha),ayabaca,frias,lote_sus,3,44.192,459.295,CONTIGUO,AP-1,Diusberto Peña López
SUS-004,SUS-004 – lote SUS contiguo bloque 3 (1.63 ha),ayabaca,frias,lote_sus,3,1.635,459.295,CONTIGUO,AP-1,Diusberto Peña López
SUS-005,SUS-005 – lote SUS contiguo bloque 59 (1.10 ha),morropon,chalaco,lote_sus,59,1.1,13.554,CONTIGUO,AP-4,Walter Córdova Córdova
SUS-006,SUS-006 – lote SUS contiguo bloque M27B1 (4.38 ha),morropon,chulucanas,lote_sus,M27B1,4.376,448.804,CONTIGUO,AP-1,Diusberto Peña López
SUS-007,SUS-007 – lote SUS dentro bloque M27B1 (1.39 ha),morropon,chulucanas,lote_sus,M27B1,1.388,448.804,DENTRO,AP-1,Diusberto Peña López
SUS-008,SUS-008 – lote SUS contiguo bloque 86 (1.84 ha),morropon,san_juan_de_bigote,lote_sus,86,1.838,30.001,CONTIGUO,AP-2,Didier Lucrecio Salvador García
SUS-009,SUS-009 – lote SUS dentro bloque 86 (1.16 ha),morropon,san_juan_de_bigote,lote_sus,86,1.162,30.001,DENTRO,AP-2,Didier Lucrecio Salvador García
SUS-010,SUS-010 – lote SUS dentro bloque 87 (5.04 ha),morropon,san_juan_de_bigote,lote_sus,87,5.043,62.219,DENTRO,AP-2,Didier Lucrecio Salvador García
SUS-011,SUS-011 – lote SUS dentro bloque 87 (1.18 ha),morropon,san_juan_de_bigote,lote_sus,87,1.179,62.219,DENTRO,AP-2,Didier Lucrecio Salvador García
SUS-012,SUS-012 – lote SUS contiguo bloque 14 (5.40 ha),morropon,santa_catalina_de_mossa,lote_sus,14,5.405,92.905,CONTIGUO,AP-4,Walter Córdova Córdova
SUS-013,SUS-013 – lote SUS dentro bloque 14 (1.83 ha),morropon,santa_catalina_de_mossa,lote_sus,14,1.83,92.905,DENTRO,AP-4,Walter Córdova Córdova
SUS-014,SUS-014 – lote SUS dentro bloque 14 (1.04 ha),morropon,santa_catalina_de_mossa,lote_sus,14,1.045,92.905,DENTRO,AP-4,Walter Córdova Córdova
SUS-015,SUS-015 – lote SUS dentro bloque 14 (1.01 ha),morropon,santa_catalina_de_mossa,lote_sus,14,1.011,92.905,DENTRO,AP-4,Walter Córdova Córdova
SUS-016,SUS-016 – lote SUS contiguo bloque 13 (1.21 ha),morropon,santo_domingo,lote_sus,13,1.208,100.514,CONTIGUO,AP-4,Walter Córdova Córdova
SUS-017,SUS-017 – lote SUS contiguo bloque 15 (1.10 ha),morropon,santo_domingo,lote_sus,15,1.105,86.147,CONTIGUO,AP-4,Walter Córdova Córdova
SUS-018,SUS-018 – lote SUS dentro bloque 15 (1.94 ha),morropon,santo_domingo,lote_sus,15,1.943,86.147,DENTRO,AP-4,Walter Córdova Córdova
SUS-019,SUS-019 – lote SUS dentro bloque 15 (1.71 ha),morropon,santo_domingo,lote_sus,15,1.708,86.147,DENTRO,AP-4,Walter Córdova Córdova
SUS-020,SUS-020 – lote SUS dentro bloque 15 (1.42 ha),morropon,santo_domingo,lote_sus,15,1.417,86.147,DENTRO,AP-4,Walter Córdova Córdova
SUS-021,SUS-021 – lote SUS contiguo bloque 17 (4.29 ha),morropon,santo_domingo,lote_sus,17,4.288,96.079,CONTIGUO,AP-4,Walter Córdova Córdova
SUS-022,SUS-022 – lote SUS dentro bloque 17 (3.85 ha),morropon,santo_domingo,lote_sus,17,3.851,96.079,DENTRO,AP-4,Walter Córdova Córdova
SUS-023,SUS-023 – lote SUS contiguo bloque 23 (1.80 ha),morropon,santo_domingo,lote_sus,23,1.795,81.776,CONTIGUO,AP-4,Walter Córdova Córdova
SUS-024,SUS-024 – lote SUS contiguo bloque 82 (2.34 ha),morropon,santo_domingo,lote_sus,82,2.336,35.661,CONTIGUO,AP-4,Walter Córdova Córdova
SUS-025,SUS-025 – lote SUS dentro bloque 82 (1.23 ha),morropon,santo_domingo,lote_sus,82,1.23,35.661,DENTRO,AP-4,Walter Córdova Córdova
SUS-026,SUS-026 – lote SUS contiguo bloque M8B2 (1.21 ha),morropon,santo_domingo,lote_sus,M8B2,1.209,35.347,CONTIGUO,AP-4,Walter Córdova Córdova
SUS-027,SUS-027 – lote SUS dentro bloque M8B2 (2.33 ha),morropon,santo_domingo,lote_sus,M8B2,2.325,35.347,DENTRO,AP-4,Walter Córdova Córdova
SUS-028,SUS-028 – lote SUS dentro bloque M28B2 (3.82 ha),morropon,yamango,lote_sus,M28B2,3.82,90.197,DENTRO,AP-3,Miguel Ángel López Maza
SUS-029,SUS-029 – lote SUS dentro bloque M28B2 (3.77 ha),morropon,yamango,lote_sus,M28B2,3.767,90.197,DENTRO,AP-3,Miguel Ángel López Maza
SUS-030,SUS-030 – lote SUS dentro bloque M28B2 (1.43 ha),morropon,yamango,lote_sus,M28B2,1.433,90.197,DENTRO,AP-3,Miguel Ángel López Maza
SUS-031,SUS-031 – lote SUS contiguo bloque M28B3 (2.70 ha),morropon,yamango,lote_sus,M28B3,2.698,58.292,CONTIGUO,AP-3,Miguel Ángel López Maza
SUS-032,SUS-032 – lote SUS contiguo bloque 21 (7.58 ha),huancabamba,canchaque,lote_sus,21,7.58,84.227,CONTIGUO,AP-5,Eli Moisés Tocto Padilla
SUS-033,SUS-033 – lote SUS contiguo bloque 30 (1.84 ha),huancabamba,canchaque,lote_sus,30,1.845,34.874,CONTIGUO,AP-5,Eli Moisés Tocto Padilla
SUS-034,SUS-034 – lote SUS dentro bloque 30 (1.64 ha),huancabamba,canchaque,lote_sus,30,1.642,34.874,DENTRO,AP-5,Eli Moisés Tocto Padilla
SUS-035,SUS-035 – lote SUS contiguo bloque 66 (9.80 ha),huancabamba,canchaque,lote_sus,66,9.805,102.335,CONTIGUO,AP-5,Eli Moisés Tocto Padilla
SUS-036,SUS-036 – lote SUS dentro bloque M30B5 (9.09 ha),huancabamba,huancabamba,lote_sus,M30B5,9.09,90.903,DENTRO,AP-5,Eli Moisés Tocto Padilla
SUS-037,SUS-037 – lote SUS contiguo bloque 16 (3.60 ha),huancabamba,huarmaca,lote_sus,16,3.595,83.327,CONTIGUO,AP-5,Eli Moisés Tocto Padilla
SUS-038,SUS-038 – lote SUS contiguo bloque 16 (2.25 ha),huancabamba,huarmaca,lote_sus,16,2.246,83.327,CONTIGUO,AP-5,Eli Moisés Tocto Padilla
SUS-039,SUS-039 – lote SUS contiguo bloque 18 (6.81 ha),huancabamba,huarmaca,lote_sus,18,6.806,103.617,CONTIGUO,AP-6,Rubén García García
SUS-040,SUS-040 – lote SUS contiguo bloque 4 (9.28 ha),huancabamba,huarmaca,lote_sus,4,9.277,230.098,CONTIGUO,AP-5,Eli Moisés Tocto Padilla
SUS-041,SUS-041 – lote SUS contiguo bloque 53 (1.31 ha),huancabamba,huarmaca,lote_sus,53,1.306,13.065,CONTIGUO,AP-6,Rubén García García
SUS-042,SUS-042 – lote SUS contiguo bloque 69 (1.94 ha),huancabamba,huarmaca,lote_sus,69,1.936,19.425,CONTIGUO,AP-6,Rubén García García
SUS-043,SUS-043 – lote SUS dentro bloque 70 (2.24 ha),huancabamba,huarmaca,lote_sus,70,2.239,22.388,DENTRO,AP-6,Rubén García García
SUS-044,SUS-044 – lote SUS contiguo bloque 71 (1.07 ha),huancabamba,huarmaca,lote_sus,71,1.067,10.673,CONTIGUO,AP-5,Eli Moisés Tocto Padilla
SUS-045,SUS-045 – lote SUS contiguo bloque 76 (1.63 ha),huancabamba,huarmaca,lote_sus,76,1.626,19.615,CONTIGUO,AP-5,Eli Moisés Tocto Padilla
SUS-046,SUS-046 – lote SUS contiguo bloque 80 (1.99 ha),huancabamba,huarmaca,lote_sus,80,1.988,28.83,CONTIGUO,AP-5,Eli Moisés Tocto Padilla
SUS-047,SUS-047 – lote SUS contiguo bloque M12B1 (8.08 ha),huancabamba,huarmaca,lote_sus,M12B1,8.075,268.393,CONTIGUO,AP-5,Eli Moisés Tocto Padilla
SUS-048,SUS-048 – lote SUS dentro bloque M12B1 (1.35 ha),huancabamba,huarmaca,lote_sus,M12B1,1.352,268.393,DENTRO,AP-5,Eli Moisés Tocto Padilla
SUS-049,SUS-049 – lote SUS contiguo bloque M4B3 (14.20 ha),huancabamba,huarmaca,lote_sus,M4B3,14.201,234.069,CONTIGUO,AP-6,Rubén García García
SUS-050,SUS-050 – lote SUS contiguo bloque M4B4 (5.69 ha),huancabamba,huarmaca,lote_sus,M4B4,5.687,289.914,CONTIGUO,AP-6,Rubén García García
SUS-051,SUS-051 – lote SUS contiguo bloque 26 (4.70 ha),huancabamba,lalaquiz,lote_sus,26,4.696,46.962,CONTIGUO,PENDIENTE,Por asignar (Lalaquiz)
SUS-052,SUS-052 – lote SUS contiguo bloque 34 (1.40 ha),huancabamba,lalaquiz,lote_sus,34,1.398,28.45,CONTIGUO,PENDIENTE,Por asignar (Lalaquiz)
SUS-053,SUS-053 – lote SUS dentro bloque 34 (1.21 ha),huancabamba,lalaquiz,lote_sus,34,1.209,28.45,DENTRO,PENDIENTE,Por asignar (Lalaquiz)
SUS-054,SUS-054 – lote SUS contiguo bloque 37 (2.04 ha),huancabamba,lalaquiz,lote_sus,37,2.038,35.491,CONTIGUO,PENDIENTE,Por asignar (Lalaquiz)
SUS-055,SUS-055 – lote SUS dentro bloque 37 (1.51 ha),huancabamba,lalaquiz,lote_sus,37,1.511,35.491,DENTRO,PENDIENTE,Por asignar (Lalaquiz)
SUS-056,SUS-056 – lote SUS contiguo bloque 38 (1.02 ha),huancabamba,lalaquiz,lote_sus,38,1.019,44.201,CONTIGUO,PENDIENTE,Por asignar (Lalaquiz)
SUS-057,SUS-057 – lote SUS contiguo bloque 61 (2.45 ha),huancabamba,lalaquiz,lote_sus,61,2.45,26.826,CONTIGUO,PENDIENTE,Por asignar (Lalaquiz)
SUS-058,SUS-058 – lote SUS contiguo bloque M20B1 (26.69 ha),huancabamba,san_miguel_de_el_faique,lote_sus,M20B1,26.689,279.68,CONTIGUO,AP-6,Rubén García García
SUS-059,SUS-059 – lote SUS dentro bloque M20B1 (1.28 ha),huancabamba,san_miguel_de_el_faique,lote_sus,M20B1,1.279,279.68,DENTRO,AP-6,Rubén García García
SUS-060,SUS-060 – lote SUS contiguo bloque M2B8 (9.17 ha),huancabamba,san_miguel_de_el_faique,lote_sus,M2B8,9.167,116.099,CONTIGUO,AP-6,Rubén García García
