BLOQUE;MICROCUENCA;DISTRITO;PROVINCIA;AREA_HA;PCT_MAYOR_0_6139;PCT_0_4976_0_6139;PCT_0_3813_0_4976;PCT_0_2650_0_3813;PCT_MENOR_IGUAL_0_2650;HA_MAYOR_0_6139;HA_0_4976_0_6139;HA_0_3813_0_4976;HA_0_2650_0_3813;HA_MENOR_IGUAL_0_2650;PCT_BAJO_UMBRAL_0_4976;HA_BAJO_UMBRAL_0_4976;PCT_SOBRE_UMBRAL_0_4976;CLASE_MODAL;PIXELES;POLIG_EN_MAPA;MAPA_PNG
2;C1096-Q9558;CHULUCANAS;MORROPON;329.074;0.02;0.79;30.85;65.31;3.03;0.061;2.596;101.534;214.905;9.978;99.19;326.417;0.81;Vigor muy bajo;2197187;1;MSAVI Bloque 2.png
3;C1096-Q9545;FRIAS;AYABACA;457.958;32.8;37.92;28.05;1.23;0.0;150.197;173.668;128.46;5.634;0.0;29.28;134.093;70.72;Vigor moderado;1592300;1;3.png
4;C1076-Q9588;HUARMACA;HUANCABAMBA;229.965;72.12;19.05;7.56;0.96;0.31;165.859;43.814;17.383;2.198;0.712;8.82;20.292;91.18;Vigor alto;2129234;1;4.png
5;C1077-Q9566;BUENOS AIRES;MORROPON;295.297;0.0;0.17;25.01;63.72;11.1;0.0;0.488;73.868;188.176;32.765;99.83;294.809;0.17;Vigor muy bajo;1148957;1;MSAVI BLoque 5.png
6;C1096-Q9547;FRIAS;AYABACA;167.935;18.63;46.06;32.81;2.46;0.04;31.292;77.344;55.106;4.123;0.069;35.31;59.298;64.69;Vigor moderado;1363645;2;6.png
8;C1076-Q9593;HUARMACA;HUANCABAMBA;126.714;28.72;42.46;25.28;3.51;0.03;36.397;53.803;32.03;4.447;0.037;28.82;36.514;71.18;Vigor moderado;1415125;2;8.png
9;C1076-Q9586;SAN MIGUEL DE EL FAIQUE;HUANCABAMBA;109.754;27.25;61.21;11.19;0.35;0.0;29.91;67.18;12.282;0.381;0.0;11.54;12.663;88.46;Vigor moderado;1935979;1;9.png
10;C1076-Q9593;HUARMACA;HUANCABAMBA;149.538;24.93;48.12;23.1;3.08;0.77;37.273;71.961;34.545;4.611;1.148;26.95;40.305;73.05;Vigor moderado;1026096;1;10.png
11;C1086-Q9570;SANTO DOMINGO;MORROPON;103.884;43.7;44.97;11.25;0.07;0.0;45.401;46.72;11.691;0.072;0.0;11.32;11.763;88.68;Vigor moderado;1757589;3;MSAVI Bloque 11.png
12;C1086-Q9570;SANTO DOMINGO;MORROPON;119.567;89.31;10.62;0.07;0.0;0.0;106.791;12.695;0.082;0.0;0.0;0.07;0.082;99.93;Vigor alto;2036120;1;MSAVI Bloque 12.png
13;C1096-Q9564;SANTO DOMINGO;MORROPON;100.38;70.59;24.08;5.33;0.0;0.0;70.862;24.172;5.347;0.0;0.0;5.33;5.347;94.67;Vigor alto;2078408;1;MSAVI Bloque 13.png
14;C1086-Q9570;SANTA CATALINA DE MOSSA;MORROPON;92.746;13.42;47.16;34.15;5.28;0.0;12.442;43.742;31.668;4.894;0.0;39.42;36.562;60.58;Vigor moderado;1462280;2;MSAVI Bloque 14.png
15;C1086-Q9570;SANTO DOMINGO;MORROPON;85.671;26.04;51.44;22.11;0.41;0.0;22.305;44.071;18.945;0.349;0.0;22.52;19.294;77.48;Vigor moderado;2115707;2;MSAVI Bloque 15.png
16;C1076-Q9593;HUARMACA;HUANCABAMBA;83.316;57.89;34.66;7.23;0.22;0.0;48.229;28.874;6.027;0.187;0.0;7.46;6.214;92.54;Vigor alto;749762;1;16.png
17;C1086-Q9570;SANTO DOMINGO;MORROPON;96.063;69.63;28.43;1.93;0.0;0.0;66.893;27.315;1.855;0.0;0.0;1.93;1.855;98.07;Vigor alto;1191682;3;MSAVI Bloque 17.png
18;C1076-Q9592;HUARMACA;HUANCABAMBA;103.637;66.98;30.14;2.89;0.0;0.0;69.411;31.234;2.992;0.0;0.0;2.89;2.992;97.11;Vigor alto;1023029;1;18.png
19;C1076-Q9592;HUARMACA;HUANCABAMBA;81.929;27.02;30.61;38.98;3.39;0.01;22.134;25.078;31.932;2.78;0.005;42.37;34.717;57.63;Vigor bajo;2079197;1;19.png
20;C1076-Q9593;HUARMACA;HUANCABAMBA;81.106;6.05;34.78;52.33;6.84;0.0;4.906;28.208;42.445;5.548;0.0;59.17;47.993;40.83;Vigor bajo;2888695;1;20.png
21;C1081-Q9591;CANCHAQUE;HUANCABAMBA;84.205;49.54;45.56;4.88;0.01;0.0;41.717;38.367;4.11;0.01;0.0;4.89;4.121;95.11;Vigor alto;2792918;1;21.png
22;C1096-Q9556;CHULUCANAS;MORROPON;79.057;0.12;6.55;73.07;20.26;0.0;0.093;5.182;57.766;16.016;0.0;93.33;73.782;6.67;Vigor bajo;1154316;1;MSAVI Bloque 22.png
23;C1086-Q9570;SANTO DOMINGO;MORROPON;81.545;31.97;49.66;17.76;0.61;0.0;26.072;40.492;14.481;0.499;0.0;18.37;14.98;81.63;Vigor moderado;928315;4;MSAVI Bloque 23.png
24;C1081-Q9583;CANCHAQUE;HUANCABAMBA;90.13;75.12;22.57;2.31;0.0;0.0;67.702;20.344;2.084;0.0;0.0;2.31;2.084;97.69;Vigor alto;2578999;1;24.png
26;C1081-Q9591;LALAQUIZ;HUANCABAMBA;46.963;76.99;20.73;2.28;0.0;0.0;36.158;9.737;1.069;0.0;0.0;2.28;1.069;97.72;Vigor alto;1749706;1;26.png
27;C1096-Q9556;FRIAS;AYABACA;78.023;15.38;46.86;36.72;1.03;0.0;12.004;36.562;28.651;0.806;0.0;37.75;29.458;62.25;Vigor moderado;1476625;1;27.png
28;C1081-Q9591;CANCHAQUE;HUANCABAMBA;52.967;62.17;36.89;0.94;0.0;0.0;32.932;19.54;0.496;0.0;0.0;0.94;0.496;99.06;Vigor alto;1290530;1;28.png
30;C1081-Q9591;CANCHAQUE;HUANCABAMBA;34.852;70.83;27.86;1.3;0.0;0.0;24.686;9.711;0.454;0.0;0.0;1.3;0.454;98.7;Vigor alto;2271621;1;30.png
31;C1076-Q9592;HUARMACA;HUANCABAMBA;47.173;5.34;14.27;54.92;24.21;1.26;2.52;6.733;25.905;11.419;0.597;80.39;37.921;19.61;Vigor bajo;762633;2;31.png
34;C1081-Q9590;LALAQUIZ;HUANCABAMBA;28.458;63.31;36.51;0.18;0.0;0.0;18.016;10.391;0.051;0.0;0.0;0.18;0.051;99.82;Vigor alto;1191653;1;34.png
35;C1076-Q9586;SAN MIGUEL DE EL FAIQUE;HUANCABAMBA;30.811;58.38;40.81;0.81;0.0;0.0;17.988;12.574;0.248;0.0;0.0;0.81;0.248;99.19;Vigor alto;1753959;1;35.png
36;C1096-Q9547;FRIAS;AYABACA;24.836;19.54;46.17;33.12;1.18;0.0;4.852;11.467;8.225;0.292;0.0;34.29;8.517;65.71;Vigor moderado;1034922;3;36.png
37;C1081-Q9591;LALAQUIZ;HUANCABAMBA;35.49;76.1;22.1;1.8;0.0;0.0;27.009;7.844;0.637;0.0;0.0;1.8;0.637;98.2;Vigor alto;1986533;1;37.png
38;C1081-Q9590;LALAQUIZ;HUANCABAMBA;44.212;73.31;26.24;0.45;0.0;0.0;32.412;11.603;0.197;0.0;0.0;0.45;0.197;99.55;Vigor alto;1899443;2;38.png
39;C1096-Q9564;FRIAS;AYABACA;68.511;83.04;13.17;3.79;0.0;0.0;56.893;9.022;2.596;0.0;0.0;3.79;2.596;96.21;Vigor alto;2391311;1;39.png
40;C1081-Q9591;CANCHAQUE;HUANCABAMBA;28.51;64.14;33.05;2.81;0.0;0.0;18.286;9.423;0.8;0.0;0.0;2.81;0.8;97.19;Vigor alto;2688098;1;40.png
41;C1076-Q9592;HUARMACA;HUANCABAMBA;64.933;42.96;45.11;11.66;0.27;0.0;27.897;29.292;7.572;0.172;0.0;11.93;7.744;88.07;Vigor moderado;911358;1;41.png
42;C1086-Q9570;SANTA CATALINA DE MOSSA;MORROPON;80.599;65.37;28.8;5.81;0.02;0.0;52.686;23.215;4.68;0.019;0.0;5.83;4.699;94.17;Vigor alto;1759696;1;MSAVI Bloque 42.png
43;C1076-Q9586;SAN MIGUEL DE EL FAIQUE;HUANCABAMBA;23.087;21.7;61.01;15.14;1.78;0.36;5.01;14.086;3.496;0.411;0.084;17.29;3.991;82.71;Vigor moderado;1818862;2;43.png
44;C1076-Q9586;SAN MIGUEL DE EL FAIQUE;HUANCABAMBA;28.159;7.39;39.69;52.93;0.0;0.0;2.08;11.176;14.903;0.0;0.0;52.93;14.903;47.07;Vigor bajo;1515078;1;44.png
47;C1076-Q9586;SAN MIGUEL DE EL FAIQUE;HUANCABAMBA;13.544;41.94;48.2;9.87;0.0;0.0;5.68;6.528;1.336;0.0;0.0;9.87;1.336;90.13;Vigor moderado;1354868;1;47.png
49;C1086-Q9575;YAMANGO;MORROPON;15.814;78.31;17.89;3.79;0.0;0.0;12.385;2.83;0.6;0.0;0.0;3.79;0.6;96.21;Vigor alto;2248816;2;MSAVI Bloque 49.png
50;C1081-Q9590;LALAQUIZ;HUANCABAMBA;19.272;81.32;18.32;0.36;0.0;0.0;15.671;3.531;0.07;0.0;0.0;0.36;0.07;99.64;Vigor alto;2460886;3;50.png
51;C1076-Q9593;HUARMACA;HUANCABAMBA;22.872;14.44;51.38;27.54;6.64;0.0;3.304;11.751;6.299;1.518;0.0;34.18;7.817;65.82;Vigor moderado;775626;1;51.png
52;C1086-Q9575;YAMANGO;MORROPON;11.063;68.95;27.14;3.91;0.0;0.0;7.628;3.003;0.432;0.0;0.0;3.91;0.432;96.09;Vigor alto;2233673;1;MSAVI Bloque 52.png
53;C1076-Q9592;HUARMACA;HUANCABAMBA;13.056;42.72;44.65;11.83;0.8;0.0;5.577;5.83;1.544;0.105;0.0;12.63;1.649;87.37;Vigor moderado;878614;2;53.png
55;C1086-Q9575;YAMANGO;MORROPON;0.859;54.44;43.39;2.17;0.0;0.0;0.468;0.373;0.019;0.0;0.0;2.17;0.019;97.83;Vigor alto;2287347;1;MSAVI Bloque 55.png
56;C1096-Q9564;FRIAS;AYABACA;77.541;78.92;18.28;2.78;0.03;0.0;61.192;14.175;2.154;0.021;0.0;2.8;2.175;97.2;Vigor alto;2259687;1;56.png
57;C1086-Q9576;CHALACO;MORROPON;25.608;39.36;56.5;4.14;0.0;0.0;10.08;14.468;1.06;0.0;0.0;4.14;1.06;95.86;Vigor moderado;1239757;1;MSAVI Bloque 57.png
58;C1086-Q9569;SANTA CATALINA DE MOSSA;MORROPON;11.46;0.0;2.59;80.75;16.67;0.0;0.0;0.296;9.254;1.91;0.0;97.41;11.164;2.59;Vigor bajo;2044164;1;MSAVI Bloque 58.png
59;C1086-Q9570;CHALACO;MORROPON;13.5;48.19;34.3;8.87;4.15;4.49;6.505;4.63;1.198;0.56;0.607;17.52;2.365;82.48;Vigor alto;516847;2;MSAVI Bloque 59.png
60;C1081-Q9591;CANCHAQUE;HUANCABAMBA;40.14;84.74;14.61;0.65;0.0;0.0;34.015;5.864;0.261;0.0;0.0;0.65;0.261;99.35;Vigor alto;1049771;1;60.png
61;C1081-Q9590;LALAQUIZ;HUANCABAMBA;26.813;45.35;33.13;20.67;0.85;0.0;12.16;8.882;5.543;0.228;0.0;21.52;5.771;78.48;Vigor alto;2245825;1;61.png
63;C1081-Q9583;CANCHAQUE;HUANCABAMBA;50.42;36.41;60.76;2.83;0.0;0.0;18.359;30.632;1.428;0.0;0.0;2.83;1.428;97.17;Vigor moderado;2474919;1;63.png
64;C1081-Q9591;HUANCABAMBA;HUANCABAMBA;35.721;22.93;35.33;34.13;7.62;0.0;8.19;12.62;12.19;2.721;0.0;41.74;14.911;58.26;Vigor moderado;2162111;1;64.png
66;C1081-Q9591;CANCHAQUE;HUANCABAMBA;102.319;59.81;31.44;8.2;0.54;0.02;61.193;32.164;8.389;0.55;0.022;8.76;8.961;91.24;Vigor alto;2210938;1;66.png
67;C1076-Q9586;SAN MIGUEL DE EL FAIQUE;HUANCABAMBA;13.187;48.97;48.77;2.26;0.0;0.0;6.458;6.431;0.298;0.0;0.0;2.26;0.298;97.74;Vigor alto;1776022;1;67.png
69;C1076-Q9592;HUARMACA;HUANCABAMBA;19.418;8.92;10.4;68.29;12.39;0.0;1.733;2.02;13.26;2.405;0.0;80.67;15.665;19.33;Vigor bajo;1519577;2;69.png
70;C1076-Q9592;HUARMACA;HUANCABAMBA;22.39;57.36;37.92;4.72;0.0;0.0;12.843;8.489;1.058;0.0;0.0;4.72;1.058;95.28;Vigor alto;1904497;2;70.png
71;C1076-Q9593;HUARMACA;HUANCABAMBA;10.676;25.77;47.72;25.78;0.74;0.0;2.751;5.094;2.752;0.079;0.0;26.52;2.831;73.48;Vigor moderado;1357971;2;71.png
72;C1076-Q9592;HUARMACA;HUANCABAMBA;12.4;9.58;48.98;40.9;0.54;0.0;1.188;6.074;5.071;0.067;0.0;41.44;5.139;58.56;Vigor moderado;2025240;1;72.png
73;C1076-Q9592;HUARMACA;HUANCABAMBA;54.27;20.53;60.39;17.29;1.79;0.0;11.141;32.772;9.385;0.972;0.0;19.08;10.356;80.92;Vigor moderado;2194589;1;73.png
76;C1076-Q9593;HUARMACA;HUANCABAMBA;19.589;9.32;36.03;46.16;8.48;0.0;1.827;7.058;9.043;1.662;0.0;54.65;10.704;45.35;Vigor bajo;1585031;1;76.png
77;C1081-Q9583;SAN JUAN DE BIGOTE;MORROPON;17.678;0.0;0.0;2.18;47.92;49.91;0.0;0.0;0.385;8.471;8.823;100.0;17.678;0.0;Suelo desnudo / no vegetal;1591530;3;MSAVI Bloque 77.png
78;C1086-Q9570;SANTO DOMINGO;MORROPON;35.096;84.1;14.16;1.68;0.06;0.0;29.515;4.969;0.591;0.021;0.0;1.74;0.612;98.26;Vigor alto;2245128;1;MSAVI Bloque 78.png
79;C1076-Q9587;CANCHAQUE;HUANCABAMBA;94.686;23.11;47.23;29.34;0.31;0.0;21.885;44.722;27.782;0.298;0.0;29.66;28.08;70.34;Vigor moderado;617933;1;79.png
80;C1076-Q9593;HUARMACA;HUANCABAMBA;28.786;49.52;33.51;13.66;3.09;0.22;14.256;9.646;3.933;0.888;0.063;16.97;4.884;83.03;Vigor alto;2157661;1;80.png
81;C1076-Q9585;CANCHAQUE;HUANCABAMBA;8.862;0.0;0.0;1.54;53.63;44.83;0.0;0.0;0.136;4.753;3.973;100.0;8.862;0.0;Vigor muy bajo;2428446;1;81.png
82;C1086-Q9570;SANTO DOMINGO;MORROPON;35.647;43.0;40.6;16.4;0.0;0.0;15.328;14.473;5.847;0.0;0.0;16.4;5.847;83.6;Vigor alto;1446032;2;MSAVI Bloque 82.png
83;C1081-Q9583;SAN JUAN DE BIGOTE;MORROPON;24.253;0.0;0.63;14.29;56.2;28.88;0.0;0.154;3.465;13.63;7.004;99.37;24.1;0.63;Vigor muy bajo;2103180;1;MSAVI Bloque 83.png
84;C1081-Q9583;SAN JUAN DE BIGOTE;MORROPON;5.099;0.0;0.0;1.64;31.69;66.68;0.0;0.0;0.083;1.616;3.4;100.0;5.099;0.0;Suelo desnudo / no vegetal;2245230;1;MSAVI Bloque 84.png
85;C1081-Q9583;SAN JUAN DE BIGOTE;MORROPON;11.87;0.0;0.0;0.27;13.24;86.49;0.0;0.0;0.032;1.572;10.267;100.0;11.87;0.0;Suelo desnudo / no vegetal;1660639;1;MSAVI Bloque 85.png
86;C1081-Q9583;SAN JUAN DE BIGOTE;MORROPON;29.812;0.0;0.13;4.65;44.27;50.94;0.0;0.039;1.387;13.199;15.188;99.87;29.774;0.13;Suelo desnudo / no vegetal;1003719;2;MSAVI Bloque 86.png
87;C1081-Q9583;SAN JUAN DE BIGOTE;MORROPON;61.812;0.0;0.18;0.86;16.6;82.36;0.0;0.109;0.532;10.261;50.91;99.82;61.703;0.18;Suelo desnudo / no vegetal;1221242;3;MSAVI Bloque 87.png
M1B1;C1077-Q9580;BUENOS AIRES;MORROPON;188.458;0.06;0.46;12.29;67.22;19.97;0.115;0.859;23.168;126.68;37.635;99.48;187.484;0.52;Vigor muy bajo;744157;1;MSAVI M1B1.png
M2B1;C1076-Q9584;SALITRAL;MORROPON;81.704;0.0;0.0;4.3;69.76;25.94;0.0;0.0;3.51;56.998;21.196;100.0;81.704;0.0;Vigor muy bajo;808074;2;MSAVI M2B1.png
M2B5;C1076-Q9584;SALITRAL;MORROPON;30.622;0.0;1.1;11.0;59.99;27.91;0.0;0.337;3.37;18.37;8.545;98.9;30.285;1.1;Vigor muy bajo;786291;1;MSAVI M2B5.png
M2B8;C1076-Q9584;SAN MIGUEL DE EL FAIQUE;HUANCABAMBA;115.642;0.02;7.57;37.32;47.45;7.64;0.02;8.754;43.157;54.87;8.84;92.41;106.868;7.59;Vigor muy bajo;1936834;3;M2B8.png
M3B1;C1081-Q9582;SALITRAL;MORROPON;80.875;0.0;0.15;15.82;67.11;16.92;0.0;0.122;12.793;54.274;13.686;99.85;80.753;0.15;Vigor muy bajo;843064;2;MSAVI M3B1.png
M3B3;C1081-Q9582;SAN JUAN DE BIGOTE;MORROPON;84.539;0.0;0.12;6.14;66.75;26.99;0.0;0.103;5.192;56.427;22.816;99.88;84.435;0.12;Vigor muy bajo;517606;2;MSAVI M3B3.png
M3B5;C1081-Q9582;SAN JUAN DE BIGOTE;MORROPON;52.395;0.0;0.11;4.17;54.83;40.89;0.0;0.057;2.185;28.73;21.423;99.89;52.338;0.11;Vigor muy bajo;1209886;1;MSAVI M3B5.png
M3B6;C1081-Q9582;SAN JUAN DE BIGOTE;MORROPON;60.174;0.0;0.15;28.71;60.88;10.26;0.0;0.088;17.276;36.635;6.174;99.85;60.086;0.15;Vigor muy bajo;833680;2;MSAVI M3B6.png
M3B7;C1081-Q9582;SAN JUAN DE BIGOTE;MORROPON;122.433;0.01;3.95;33.37;60.52;2.15;0.012;4.839;40.856;74.092;2.634;96.04;117.582;3.96;Vigor muy bajo;755981;1;MSAVI M3B7.png
M3B8;C1081-Q9582;SAN JUAN DE BIGOTE;MORROPON;560.134;0.0;0.54;9.61;54.72;35.12;0.0;3.036;53.843;306.527;196.727;99.46;557.098;0.54;Vigor muy bajo;875931;2;MSAVI M3B8.png
M3B9;C1081-Q9582;SALITRAL;MORROPON;292.28;0.03;0.53;16.96;60.86;21.62;0.084;1.552;49.574;177.886;63.183;99.44;290.644;0.56;Vigor muy bajo;1526365;2;MSAVI M3B9.png
M4B3;C1076-Q9589;HUARMACA;HUANCABAMBA;232.328;0.01;1.32;16.9;59.43;22.34;0.03;3.058;39.269;138.063;51.908;98.67;229.24;1.33;Vigor muy bajo;1953390;1;M4B3.png
M4B4;C1076-Q9589;HUARMACA;HUANCABAMBA;288.448;0.0;0.71;15.11;63.02;21.15;0.011;2.059;43.576;181.785;61.017;99.28;286.378;0.72;Vigor muy bajo;940315;2;M4B4.png
M7B1;C1076-Q9581;SALITRAL;MORROPON;130.11;0.0;0.0;4.97;72.3;22.73;0.0;0.0;6.467;94.069;29.574;100.0;130.11;0.0;Vigor muy bajo;159323;2;MSAVI M7B1.png
M7B2;C1076-Q9581;SALITRAL;MORROPON;114.987;0.0;0.41;1.76;67.56;30.27;0.0;0.476;2.025;77.682;34.804;99.59;114.51;0.41;Vigor muy bajo;368044;2;MSAVI M7B2.png
M7B3;C1076-Q9581;SALITRAL;MORROPON;65.531;0.0;0.14;4.99;73.19;21.67;0.0;0.095;3.273;47.962;14.201;99.86;65.436;0.14;Vigor muy bajo;606393;2;MSAVI M7B3.png
M7B6;C1076-Q9581;SALITRAL;MORROPON;91.119;0.0;0.01;5.01;57.02;37.96;0.0;0.011;4.562;51.957;34.589;99.99;91.109;0.01;Vigor muy bajo;1561938;2;MSAVI M7B6.png
M8B2;C1096-Q9558;SANTO DOMINGO;MORROPON;35.037;3.4;50.54;37.11;8.91;0.05;1.192;17.707;13.001;3.121;0.017;46.06;16.139;53.94;Vigor moderado;328870;2;MSAVI M8B2.png
M9B1;C1096-Q9545;CHULUCANAS;MORROPON;353.47;0.06;0.62;11.84;65.3;22.17;0.225;2.204;41.858;230.806;78.376;99.31;351.041;0.69;Vigor muy bajo;2322394;1;MSAVI M9B1.png
M10B4;C1096-Q9547;CHULUCANAS;MORROPON;68.777;0.0;0.18;8.2;74.87;16.76;0.0;0.121;5.639;51.493;11.525;99.82;68.657;0.18;Vigor muy bajo;838743;1;MSAVI M10B4.png
M11B3;C1081-Q9583;SAN JUAN DE BIGOTE;MORROPON;105.792;0.16;10.84;44.08;41.11;3.81;0.172;11.472;46.634;43.489;4.025;88.99;94.148;11.01;Vigor bajo;1849476;1;MSAVI M11B3.png
M12B1;C1076-Q9588;HUARMACA;HUANCABAMBA;266.986;0.05;3.3;29.16;51.94;15.55;0.128;8.807;77.864;138.678;41.509;96.65;258.051;3.35;Vigor muy bajo;1604115;2;M12B1.png
M17B1;C1096-Q9556;CHULUCANAS;MORROPON;42.413;0.0;0.16;18.44;72.42;8.98;0.0;0.069;7.82;30.715;3.809;99.84;42.343;0.16;Vigor muy bajo;1281907;1;MSAVI M17B1.png
M17B4;C1096-Q9556;CHULUCANAS;MORROPON;124.3;1.48;6.56;68.94;23.01;0.01;1.837;8.157;85.695;28.598;0.012;91.96;114.305;8.04;Vigor bajo;1060871;1;MSAVI M17B4.png
M17B5;C1096-Q9556;FRIAS;AYABACA;73.778;21.03;49.98;28.37;0.62;0.0;15.514;36.875;20.934;0.456;0.0;28.99;21.39;71.01;Vigor moderado;2554533;1;M17B5.png
M17B6;C1096-Q9556;FRIAS;AYABACA;106.287;1.35;15.87;70.23;12.53;0.01;1.436;16.867;74.65;13.322;0.012;82.78;87.983;17.22;Vigor bajo;823817;5;M17B6.png
M17B7;C1096-Q9556;FRIAS;AYABACA;258.147;13.79;37.72;42.8;5.7;0.0;35.597;97.368;110.475;14.707;0.0;48.49;125.182;51.51;Vigor bajo;1051713;3;M17B7.png
M18B1;C1077-Q9579;BUENOS AIRES;MORROPON;160.054;0.0;0.33;24.01;59.74;15.92;0.0;0.529;38.433;95.612;25.48;99.67;159.525;0.33;Vigor muy bajo;2299273;1;MSAVI M18B1.png
M18B3;C1077-Q9579;SALITRAL;MORROPON;371.952;0.01;1.45;41.41;52.55;4.57;0.031;5.399;154.031;195.478;17.013;98.54;366.522;1.46;Vigor muy bajo;791320;1;MSAVI M18B3.png
M19B2;C1086-Q9570;MORROPON;MORROPON;74.169;0.0;3.44;64.15;32.04;0.38;0.0;2.549;47.579;23.761;0.281;96.56;71.62;3.44;Vigor bajo;1319729;2;MSAVI M19B2.png
M19B7;C1086-Q9570;SANTO DOMINGO;MORROPON;34.146;34.98;59.58;5.44;0.0;0.0;11.946;20.344;1.856;0.0;0.0;5.44;1.856;94.56;Vigor moderado;2185766;1;MSAVI M19B7.png
M20B1;C1076-Q9585;SAN MIGUEL DE EL FAIQUE;HUANCABAMBA;278.421;0.09;2.57;28.39;63.28;5.66;0.256;7.168;79.048;176.183;15.767;97.33;270.997;2.67;Vigor muy bajo;903484;3;M20B1.png
M22B1;C1076-Q9586;SAN MIGUEL DE EL FAIQUE;HUANCABAMBA;55.108;34.07;62.03;3.9;0.0;0.0;18.773;34.185;2.15;0.0;0.0;3.9;2.15;96.1;Vigor moderado;1197332;1;M22B1.png
M27B1;C1096-Q9557;CHULUCANAS;MORROPON;447.078;0.01;3.01;38.0;50.08;8.9;0.042;13.466;169.909;223.883;39.778;96.98;433.569;3.02;Vigor muy bajo;1285454;1;MSAVI M27B1.png
M28B2;C1086-Q9575;YAMANGO;MORROPON;89.654;2.95;34.57;56.85;5.33;0.3;2.647;30.995;50.965;4.78;0.268;62.48;56.012;37.52;Vigor bajo;685616;2;MSAVI M28B2.png
M28B3;C1086-Q9575;YAMANGO;MORROPON;58.213;15.16;35.82;39.15;9.77;0.09;8.827;20.854;22.792;5.687;0.053;49.01;28.532;50.99;Vigor bajo;1304968;1;MSAVI M28B3.png
M28B4;C1086-Q9575;YAMANGO;MORROPON;282.227;0.79;24.16;37.62;37.27;0.16;2.221;68.198;106.164;105.189;0.455;75.05;211.808;24.95;Vigor bajo;1995783;1;MSAVI M28B4.png
M30B5;C1081-Q9591;HUANCABAMBA;HUANCABAMBA;90.793;27.04;36.1;36.49;0.37;0.0;24.55;32.775;33.134;0.334;0.0;36.86;33.468;63.14;Vigor bajo;988114;2;M30B5.png
M32B3;C1086-Q9569;MORROPON;MORROPON;50.906;0.0;5.97;45.13;46.59;2.31;0.0;3.039;22.973;23.717;1.178;94.03;47.868;5.97;Vigor muy bajo;2428242;2;MSAVI M32B3.png
M36B2;C1086-Q9576;SANTA CATALINA DE MOSSA;MORROPON;28.073;38.07;56.88;4.36;0.69;0.0;10.687;15.969;1.223;0.195;0.0;5.05;1.417;94.95;Vigor moderado;1460233;2;MSAVI M36B2.png
M6B10;C1077-Q9566;BUENOS AIRES;MORROPON;248.48;0.0;0.16;18.41;50.77;30.66;0.0;0.397;45.737;126.161;76.186;99.84;248.084;0.16;Vigor muy bajo;1905266;1;MSAVI M6B10.png
M17B10;C1096-Q9556;FRIAS;AYABACA;75.175;5.84;20.11;70.86;3.19;0.0;4.392;15.115;53.271;2.397;0.0;74.05;55.668;25.95;Vigor bajo;2364894;2;M17B10.png
M6B2-1;C1077-Q9566;BUENOS AIRES;MORROPON;514.074;0.03;0.99;22.1;64.76;12.12;0.157;5.064;113.605;332.918;62.331;98.98;508.853;1.02;Vigor muy bajo;614166;2;MSAVI M6B2-1.png
M6B2-2;C1077-Q9566;BUENOS AIRES;MORROPON;332.048;0.2;0.78;6.98;64.9;27.15;0.654;2.589;23.17;215.5;90.136;99.02;328.806;0.98;Vigor muy bajo;1124150;2;MSAVI M6B2-2.png
M6B2-3;C1077-Q9566;BUENOS AIRES;MORROPON;160.484;0.24;9.39;54.21;33.61;2.55;0.378;15.07;87.002;53.934;4.1;90.37;145.036;9.63;Vigor bajo;2435689;1;MSAVI M6B2-3.png
