cod,prov,dist,mc,area,este,norte,media,mediana,p90,max,A,B,C,D,E,F,G,H,ha75
27,Ayabaca,Frías,C1096-Q9556,78.154,613335,9450201,60.18,60.63,86.16,137.31,0.00,0.00,0.23,1.15,6.34,24.80,42.56,24.91,19.47
3,Ayabaca,Frías,C1096-Q9545,459.295,606868,9458466,59.05,57.85,83.78,179.01,0.02,0.04,0.04,0.25,2.68,30.04,49.47,17.46,80.19
36,Ayabaca,Frías,C1096-Q9547,24.843,606427,9454632,62.09,63.04,79.08,102.61,0.00,0.00,0.00,0.00,0.00,22.42,62.63,14.95,3.71
39,Ayabaca,Frías,C1096-Q9564,68.569,618492,9448899,42.08,40.73,57.07,74.45,0.00,0.00,0.00,0.00,1.72,76.03,22.25,0.00,0.00
56,Ayabaca,Frías,C1096-Q9564,77.666,621634,9452921,52.13,52.22,66.84,87.82,0.00,0.00,0.00,0.00,0.93,39.77,56.74,2.56,1.99
6,Ayabaca,Frías,C1096-Q9547,168.411,605722,9455309,70.11,67.63,101.06,185.38,0.00,0.00,0.11,0.59,2.46,14.43,47.35,35.06,59.04
M17B10,Ayabaca,Frías,C1096-Q9556,75.363,606161,9447405,50.01,49.35,67.55,87.81,0.00,0.00,0.00,0.12,1.08,51.56,43.30,3.95,2.98
M17B5,Ayabaca,Frías,C1096-Q9556,74.028,608834,9445570,55.72,58.23,74.00,93.04,0.00,0.00,0.00,0.48,1.57,31.24,58.38,8.32,6.16
M17B6,Ayabaca,Frías,C1096-Q9556,106.538,607162,9446245,44.65,43.47,64.58,85.79,0.00,0.00,0.17,1.70,7.05,57.05,31.07,2.97,3.16
M17B7,Ayabaca,Frías,C1096-Q9556,258.837,608580,9448092,59.16,59.26,75.34,118.33,0.00,0.03,0.00,0.00,0.24,22.98,66.05,10.69,27.67
21,Huancabamba,Canchaque,C1081-Q9591,84.227,654617,9417734,64.37,58.44,98.67,154.59,0.00,0.00,0.00,0.00,0.32,29.81,42.74,27.14,22.86
24,Huancabamba,Canchaque,C1081-Q9583,90.159,652192,9414358,67.06,67.24,90.97,114.70,0.00,0.10,0.00,0.30,0.70,15.58,50.65,32.67,29.45
28,Huancabamba,Canchaque,C1081-Q9591,52.966,654193,9422833,60.37,58.63,81.74,115.63,0.00,0.00,0.00,0.17,0.34,28.25,54.97,16.27,8.62
30,Huancabamba,Canchaque,C1081-Q9591,34.874,652779,9424394,54.73,54.07,70.33,80.03,0.00,0.00,0.00,0.00,1.06,28.76,65.96,4.22,1.47
40,Huancabamba,Canchaque,C1081-Q9591,28.523,654135,9424429,62.89,62.97,81.90,97.08,0.00,0.00,0.00,0.00,0.32,19.17,59.42,21.09,6.02
60,Huancabamba,Canchaque,C1081-Q9591,40.132,653833,9426266,64.77,65.81,80.25,90.34,0.00,0.00,0.00,0.00,0.00,12.33,66.14,21.52,8.64
63,Huancabamba,Canchaque,C1081-Q9583,50.459,655052,9413847,73.12,73.83,89.02,130.56,0.00,0.00,0.00,0.00,0.00,3.60,49.73,46.67,23.55
66,Huancabamba,Canchaque,C1081-Q9591,102.335,652562,9417338,66.37,65.14,100.03,164.78,0.00,0.09,0.00,0.18,1.05,29.62,33.13,35.93,36.77
79,Huancabamba,Canchaque,C1076-Q9587,94.812,650297,9402765,33.79,27.03,60.51,93.97,0.00,0.00,0.09,5.22,40.04,36.15,14.52,3.98,3.77
81,Huancabamba,Canchaque,C1076-Q9585,8.929,641517,9401350,29.43,27.98,43.41,56.46,0.00,0.00,0.00,9.09,28.28,57.58,5.05,0.00,0.00
64,Huancabamba,Huancabamba,C1081-Q9591,35.774,657794,9428554,56.17,56.77,75.25,94.59,0.25,0.00,0.00,1.00,2.00,29.00,57.50,10.25,3.67
M30B5,Huancabamba,Huancabamba,C1081-Q9591,90.903,655341,9427395,40.22,38.36,60.42,82.96,0.00,0.00,0.79,2.37,10.87,59.19,25.59,1.19,1.08
10,Huancabamba,Huarmaca,C1076-Q9593,150.214,650852,9382332,53.63,54.71,67.94,82.51,0.00,0.00,0.00,0.36,1.21,32.93,62.71,2.78,4.18
16,Huancabamba,Huarmaca,C1076-Q9593,83.327,652955,9382118,42.36,40.02,65.91,87.93,0.00,0.00,0.65,1.40,8.20,54.37,33.23,2.16,1.80
18,Huancabamba,Huarmaca,C1076-Q9592,103.617,656458,9393128,56.33,57.56,67.43,80.85,0.00,0.00,0.00,0.00,0.70,22.06,76.20,1.05,1.09
19,Huancabamba,Huarmaca,C1076-Q9592,82.088,665963,9391131,61.93,62.75,81.80,99.54,0.00,0.00,0.00,0.22,0.66,24.09,50.50,24.53,20.14
20,Huancabamba,Huarmaca,C1076-Q9593,81.334,649840,9376268,47.11,46.89,58.82,99.32,0.00,0.00,0.00,0.00,0.66,63.05,34.62,1.66,1.35
31,Huancabamba,Huarmaca,C1076-Q9592,47.581,663386,9392808,53.45,52.87,72.17,94.96,0.00,0.00,0.00,0.57,2.47,38.59,51.52,6.84,3.25
4,Huancabamba,Huarmaca,C1076-Q9588,230.098,656507,9381981,75.51,71.77,108.29,247.06,0.00,0.00,0.04,0.20,0.35,12.47,42.18,44.76,102.99
41,Huancabamba,Huarmaca,C1076-Q9592,64.923,660514,9394314,49.15,48.21,60.82,90.05,0.00,0.00,0.00,0.00,0.83,58.69,38.25,2.23,1.45
51,Huancabamba,Huarmaca,C1076-Q9593,22.927,656296,9379076,62.39,63.08,79.26,99.40,0.00,0.00,0.00,0.40,0.00,20.00,61.60,18.00,4.13
53,Huancabamba,Huarmaca,C1076-Q9592,13.065,666511,9395924,51.79,52.17,71.06,89.61,0.00,0.00,0.00,2.16,2.88,36.69,53.24,5.04,0.66
69,Huancabamba,Huarmaca,C1076-Q9592,19.425,663264,9392364,55.68,57.48,69.23,77.68,0.00,0.00,0.00,0.48,0.96,26.79,70.33,1.44,0.28
70,Huancabamba,Huarmaca,C1076-Q9592,22.388,666761,9395572,44.03,45.36,63.28,78.15,0.00,0.00,0.00,0.00,13.15,50.60,35.46,0.80,0.18
71,Huancabamba,Huarmaca,C1076-Q9593,10.673,652065,9373072,55.17,56.47,69.13,74.73,0.00,0.00,0.00,0.00,0.00,31.36,68.64,0.00,0.00
72,Huancabamba,Huarmaca,C1076-Q9592,12.398,662248,9391220,54.20,53.26,69.94,80.92,0.00,0.00,0.00,0.00,0.00,36.76,61.03,2.21,0.27
73,Huancabamba,Huarmaca,C1076-Q9592,54.290,658565,9395587,75.12,72.83,96.60,134.70,0.00,0.00,0.00,0.00,0.00,2.97,54.79,42.24,22.93
76,Huancabamba,Huarmaca,C1076-Q9593,19.615,657936,9377456,50.79,50.64,69.93,84.52,0.00,0.00,0.00,0.00,4.72,41.51,49.06,4.72,0.93
8,Huancabamba,Huarmaca,C1076-Q9593,126.952,651637,9373506,60.62,59.68,81.45,117.38,0.00,0.00,0.07,0.14,1.43,23.88,57.16,17.32,21.99
80,Huancabamba,Huarmaca,C1076-Q9593,28.830,657156,9373038,65.87,66.78,82.46,93.56,0.00,0.00,0.00,0.00,0.00,11.49,59.94,28.57,8.24
M12B1,Huancabamba,Huarmaca,C1076-Q9588,268.393,644498,9389156,33.50,31.62,52.50,85.06,0.13,0.84,0.57,2.89,19.94,63.58,11.68,0.37,0.99
M4B3,Huancabamba,Huarmaca,C1076-Q9589,234.069,643506,9385590,31.32,30.69,44.10,69.74,0.00,0.08,0.81,4.02,19.71,71.05,4.33,0.00,0.00
M4B4,Huancabamba,Huarmaca,C1076-Q9589,289.914,642792,9388567,29.15,28.40,41.12,62.23,0.00,0.03,0.34,3.23,30.46,64.23,1.71,0.00,0.00
26,Huancabamba,Lalaquiz,C1081-Q9591,46.962,649480,9425729,66.05,64.18,90.59,123.84,0.00,0.00,0.00,0.19,0.19,17.82,54.79,27.01,12.68
34,Huancabamba,Lalaquiz,C1081-Q9590,28.450,646476,9426290,51.34,52.45,66.40,78.34,0.00,0.00,0.00,0.00,3.17,38.41,57.78,0.63,0.18
37,Huancabamba,Lalaquiz,C1081-Q9591,35.491,649084,9424511,44.19,44.89,57.16,65.77,0.00,0.00,0.00,0.00,3.35,68.30,28.35,0.00,0.00
38,Huancabamba,Lalaquiz,C1081-Q9590,44.201,647139,9427602,44.97,44.26,60.45,78.17,0.00,0.00,0.00,0.00,1.64,69.06,28.89,0.41,0.18
50,Huancabamba,Lalaquiz,C1081-Q9590,19.266,647376,9427237,60.13,61.06,82.21,99.29,0.00,0.00,0.00,0.00,0.95,28.44,49.29,21.33,4.11
61,Huancabamba,Lalaquiz,C1081-Q9590,26.826,646235,9425055,42.09,43.05,53.66,69.81,0.00,0.00,0.00,0.34,4.39,75.34,19.93,0.00,0.00
35,Huancabamba,San Miguel de El Faique,C1076-Q9586,30.804,654634,9395006,68.65,69.05,85.19,101.53,0.00,0.00,0.00,0.00,1.79,5.97,56.12,36.12,11.13
43,Huancabamba,San Miguel de El Faique,C1076-Q9586,23.171,656482,9395403,64.05,64.58,81.42,100.61,0.00,0.39,0.00,0.77,0.39,10.42,66.80,21.24,4.92
44,Huancabamba,San Miguel de El Faique,C1076-Q9586,28.234,663654,9400590,41.35,42.20,56.26,69.54,0.00,0.00,0.00,1.61,9.35,63.55,25.48,0.00,0.00
47,Huancabamba,San Miguel de El Faique,C1076-Q9586,13.551,659640,9401431,67.42,68.81,87.08,97.15,0.00,0.00,0.00,0.00,0.00,18.92,45.27,35.81,4.85
67,Huancabamba,San Miguel de El Faique,C1076-Q9586,13.184,654210,9394211,58.84,60.65,71.31,78.77,0.00,0.00,0.00,0.00,0.00,22.60,73.97,3.42,0.45
9,Huancabamba,San Miguel de El Faique,C1076-Q9586,109.861,656570,9397787,72.22,69.23,100.52,143.36,0.00,0.00,0.00,0.00,0.33,10.07,52.74,36.86,40.49
M20B1,Huancabamba,San Miguel de El Faique,C1076-Q9585,279.680,641305,9398784,28.42,26.26,50.43,79.92,0.13,1.70,6.01,15.31,24.05,42.25,10.42,0.13,0.36
M22B1,Huancabamba,San Miguel de El Faique,C1076-Q9586,55.170,664088,9404177,35.85,36.63,47.55,56.50,0.00,0.16,0.32,1.94,13.41,80.94,3.23,0.00,0.00
M2B8,Huancabamba,San Miguel de El Faique,C1076-Q9584,116.099,639029,9398251,36.62,38.12,65.63,83.20,0.15,0.85,12.16,13.40,7.20,32.92,31.14,2.17,2.52
5,Morropón,Buenos Aires,C1077-Q9566,295.726,617863,9413165,34.55,36.08,51.56,73.08,0.15,1.86,4.45,5.79,11.11,63.55,13.09,0.00,0.00
M18B1,Morropón,Buenos Aires,C1077-Q9579,160.360,621088,9410445,37.80,37.87,53.36,68.36,0.00,0.34,0.45,2.69,10.14,70.36,16.02,0.00,0.00
M1B1,Morropón,Buenos Aires,C1077-Q9580,188.797,617738,9409094,34.29,34.75,47.36,80.41,0.00,0.00,0.33,2.05,19.74,72.44,5.29,0.14,0.26
M6B10,Morropón,Buenos Aires,C1077-Q9566,249.890,618239,9423110,38.76,37.90,56.52,87.70,0.00,0.00,0.04,3.14,13.30,64.06,18.64,0.83,2.07
M6B2-1,Morropón,Buenos Aires,C1077-Q9566,514.359,612913,9413394,30.57,30.56,43.14,72.48,0.02,0.16,0.70,5.21,23.97,66.45,3.50,0.00,0.00
M6B2-2,Morropón,Buenos Aires,C1077-Q9566,333.011,611185,9416841,25.73,25.34,38.32,57.33,0.03,0.03,1.95,11.46,35.08,50.38,1.08,0.00,0.00
M6B2-3,Morropón,Buenos Aires,C1077-Q9566,160.978,611325,9419328,36.35,36.48,52.36,76.96,0.06,0.17,0.28,3.07,15.78,67.32,13.05,0.28,0.45
57,Morropón,Chalaco,C1086-Q9576,25.668,631727,9439690,59.02,58.71,80.70,97.37,0.00,0.00,0.00,0.00,0.70,28.42,56.84,14.04,3.60
59,Morropón,Chalaco,C1086-Q9570,13.554,631204,9441778,60.92,62.00,75.42,92.54,0.00,0.00,0.00,0.00,0.00,18.12,69.80,12.08,1.64
2,Morropón,Chulucanas,C1096-Q9558,330.599,603620,9439352,23.90,21.63,42.44,66.72,0.38,1.26,5.11,20.02,33.48,35.50,4.26,0.00,0.00
22,Morropón,Chulucanas,C1096-Q9556,79.330,601126,9443670,42.90,41.25,66.99,76.45,0.00,0.00,0.23,5.58,9.11,49.89,34.62,0.57,0.45
M10B4,Morropón,Chulucanas,C1096-Q9547,68.887,596769,9448285,24.80,23.28,39.91,53.67,0.13,0.13,2.10,15.62,37.14,43.83,1.05,0.00,0.00
M17B1,Morropón,Chulucanas,C1096-Q9556,42.449,600632,9440460,27.00,25.43,38.81,47.36,0.00,0.00,0.85,5.94,38.43,54.78,0.00,0.00,0.00
M17B4,Morropón,Chulucanas,C1096-Q9556,124.709,604678,9444376,35.04,34.60,51.22,66.82,0.00,0.00,0.07,3.83,19.71,63.90,12.49,0.00,0.00
M27B1,Morropón,Chulucanas,C1096-Q9557,448.804,593295,9430232,33.13,32.80,52.68,84.71,0.08,0.18,1.41,8.69,24.33,52.07,12.89,0.36,1.62
M9B1,Morropón,Chulucanas,C1096-Q9545,355.364,595641,9451287,18.27,15.41,37.39,60.75,2.23,7.33,12.24,26.59,25.17,25.63,0.81,0.00,0.00
M19B2,Morropón,Morropón,C1086-Q9570,74.372,617686,9427289,40.25,39.94,62.33,80.89,0.00,0.00,0.48,2.42,18.67,49.33,27.64,1.45,1.08
M32B3,Morropón,Morropón,C1086-Q9569,50.972,618250,9426484,35.17,30.81,58.47,69.90,0.00,0.00,0.00,2.28,27.42,50.62,19.68,0.00,0.00
M18B3,Morropón,Salitral,C1077-Q9579,373.807,625477,9412145,40.91,41.57,62.05,88.43,0.05,0.36,1.90,4.43,12.35,50.77,28.67,1.47,5.49
M2B1,Morropón,Salitral,C1076-Q9584,81.795,635900,9397976,31.94,33.04,44.92,61.93,2.08,0.66,0.88,3.83,17.29,71.01,4.27,0.00,0.00
M2B5,Morropón,Salitral,C1076-Q9584,30.909,640013,9394399,14.36,13.57,20.47,34.78,0.00,0.30,4.15,55.79,37.69,2.08,0.00,0.00,0.00
M3B1,Morropón,Salitral,C1081-Q9582,80.983,630648,9410800,36.09,35.81,49.17,70.39,0.00,0.00,0.00,2.00,11.76,76.69,9.54,0.00,0.00
M3B9,Morropón,Salitral,C1081-Q9582,294.204,629425,9413236,32.64,33.90,44.15,61.30,0.00,0.06,1.86,4.49,15.36,74.71,3.51,0.00,0.00
M7B1,Morropón,Salitral,C1076-Q9581,130.425,629089,9407681,31.78,33.85,45.27,57.08,1.59,4.97,1.79,2.90,9.94,75.85,2.97,0.00,0.00
M7B2,Morropón,Salitral,C1076-Q9581,115.379,631484,9403551,24.64,25.06,39.93,56.49,0.00,2.76,10.24,9.21,27.48,48.90,1.42,0.00,0.00
M7B3,Morropón,Salitral,C1076-Q9581,65.745,633308,9401252,36.41,36.32,51.87,73.49,0.00,0.14,0.82,3.68,13.51,68.76,13.10,0.00,0.00
M7B6,Morropón,Salitral,C1076-Q9581,91.285,635089,9399048,30.69,29.74,46.30,69.77,0.00,0.00,0.10,7.23,23.39,63.03,6.24,0.00,0.00
77,Morropón,San Juan de Bigote,C1081-Q9583,17.821,638650,9411394,25.38,25.47,39.47,53.47,0.00,0.00,3.08,15.38,29.74,50.77,1.03,0.00,0.00
83,Morropón,San Juan de Bigote,C1081-Q9583,24.344,639774,9410610,21.65,19.11,39.49,47.08,0.00,0.74,9.59,25.46,28.04,36.16,0.00,0.00,0.00
84,Morropón,San Juan de Bigote,C1081-Q9583,5.097,640243,9410706,21.18,21.57,29.46,33.80,0.00,0.00,1.89,18.87,50.94,28.30,0.00,0.00,0.00
85,Morropón,San Juan de Bigote,C1081-Q9583,11.906,642226,9411077,26.46,27.12,37.98,49.16,0.00,0.00,1.50,10.53,32.33,55.64,0.00,0.00,0.00
86,Morropón,San Juan de Bigote,C1081-Q9583,30.001,642398,9410253,25.26,25.73,43.36,62.07,0.30,5.12,6.33,10.84,24.40,48.49,4.52,0.00,0.00
87,Morropón,San Juan de Bigote,C1081-Q9583,62.219,642814,9411178,15.08,14.67,21.04,25.49,0.14,0.14,2.01,50.36,47.05,0.29,0.00,0.00,0.00
M11B3,Morropón,San Juan de Bigote,C1081-Q9583,106.027,642102,9413756,33.35,32.74,48.87,67.14,0.00,0.00,0.00,4.76,19.80,66.86,8.58,0.00,0.00
M3B3,Morropón,San Juan de Bigote,C1081-Q9582,84.825,632961,9411495,35.36,35.25,49.72,64.89,0.11,0.00,0.00,2.55,16.68,71.09,9.56,0.00,0.00
M3B5,Morropón,San Juan de Bigote,C1081-Q9582,52.743,635828,9411731,35.08,34.58,48.98,65.84,0.00,0.17,0.17,3.22,15.93,71.53,8.98,0.00,0.00
M3B6,Morropón,San Juan de Bigote,C1081-Q9582,60.352,638003,9412154,45.26,45.73,68.11,83.22,0.00,0.00,0.30,1.94,8.52,51.87,34.68,2.69,1.62
M3B7,Morropón,San Juan de Bigote,C1081-Q9582,122.946,638326,9415259,33.19,33.54,47.94,63.34,0.00,0.00,0.52,4.89,19.56,68.07,6.96,0.00,0.00
M3B8,Morropón,San Juan de Bigote,C1081-Q9582,565.584,632116,9415177,24.65,26.46,42.47,65.75,1.69,6.70,11.98,11.17,15.54,50.29,2.63,0.00,0.00
14,Morropón,Santa Catalina de Mossa,C1086-Q9570,92.905,624423,9437067,45.62,44.66,61.62,134.31,0.00,0.10,0.10,0.19,2.33,62.98,31.40,2.91,2.70
42,Morropón,Santa Catalina de Mossa,C1086-Q9570,80.616,625114,9435040,55.98,55.05,79.59,102.60,0.00,0.00,0.00,0.89,2.68,34.34,45.97,16.11,12.99
58,Morropón,Santa Catalina de Mossa,C1086-Q9569,11.475,619097,9426385,28.45,27.53,36.16,48.06,0.00,0.00,0.00,0.00,26.77,73.23,0.00,0.00,0.00
M36B2,Morropón,Santa Catalina de Mossa,C1086-Q9576,28.190,626489,9435047,60.16,59.93,78.14,90.20,0.00,0.00,0.32,0.00,1.61,20.26,58.84,18.97,5.35
11,Morropón,Santo Domingo,C1086-Q9570,103.948,620748,9439973,64.96,63.87,91.89,117.99,0.00,0.00,0.00,0.00,0.00,23.29,48.83,27.88,28.98
12,Morropón,Santo Domingo,C1086-Q9570,119.538,625445,9444932,52.65,52.88,69.15,97.04,0.00,0.00,0.00,0.00,0.99,42.98,51.78,4.25,5.08
13,Morropón,Santo Domingo,C1096-Q9564,100.514,620259,9442365,58.33,56.31,85.86,147.72,0.00,0.09,0.00,0.63,3.68,33.24,43.49,18.87,18.97
15,Morropón,Santo Domingo,C1086-Q9570,86.147,620253,9437857,51.23,45.50,79.22,122.71,0.00,0.00,0.00,0.00,1.78,54.96,30.93,12.33,10.62
17,Morropón,Santo Domingo,C1086-Q9570,96.079,618628,9438329,74.36,78.44,104.76,144.39,0.00,0.00,0.00,0.00,0.37,20.62,23.15,55.86,53.67
23,Morropón,Santo Domingo,C1086-Q9570,81.776,619979,9438580,72.35,72.17,92.74,123.35,0.00,0.00,0.11,0.11,0.22,8.49,51.16,39.91,32.64
78,Morropón,Santo Domingo,C1086-Q9570,35.100,619627,9440035,61.11,63.93,72.84,83.71,0.00,0.00,0.00,0.00,0.26,17.01,76.29,6.44,2.26
82,Morropón,Santo Domingo,C1086-Q9570,35.661,621449,9443832,45.66,45.35,61.18,75.21,0.00,0.00,0.00,0.76,4.55,58.59,35.86,0.25,0.09
M19B7,Morropón,Santo Domingo,C1086-Q9570,34.171,620814,9436572,55.22,54.16,72.75,88.79,0.00,0.00,0.27,0.27,0.80,34.49,57.75,6.42,2.19
M8B2,Morropón,Santo Domingo,C1096-Q9558,35.347,617584,9436232,47.04,46.90,60.04,69.95,0.00,0.00,0.00,0.00,3.61,55.41,40.98,0.00,0.00
49,Morropón,Yamango,C1086-Q9575,15.839,642333,9438265,50.89,50.94,62.81,72.86,0.00,0.00,0.00,0.00,0.00,43.60,56.40,0.00,0.00
52,Morropón,Yamango,C1086-Q9575,11.059,641534,9438065,50.33,52.44,64.04,77.04,0.00,0.00,0.00,0.81,0.81,45.53,52.03,0.81,0.09
55,Morropón,Yamango,C1086-Q9575,0.859,642692,9438414,54.32,53.12,64.46,64.51,0.00,0.00,0.00,0.00,0.00,28.57,71.43,0.00,0.00
M28B2,Morropón,Yamango,C1086-Q9575,90.197,636261,9425725,39.76,40.78,55.17,71.52,0.00,0.20,0.50,2.98,9.33,65.64,21.35,0.00,0.00
M28B3,Morropón,Yamango,C1086-Q9575,58.292,634041,9426830,43.06,42.93,57.83,71.68,0.00,0.00,0.00,0.63,6.26,67.14,25.98,0.00,0.00
M28B4,Morropón,Yamango,C1086-Q9575,283.428,626122,9427151,24.92,19.37,48.41,75.00,0.00,0.00,0.03,29.78,34.41,27.17,8.60,0.00,0.00
